10,20,30,40,50,60,70,80,90,100,110,120,130,140,150,160,170,180,190,200,210,220,230,240,250,260,270,280,290,300,310,320,330,340,350,360,370,380,390,400,410,420,430,440,450,460,470,480,490,500,510,520,530,540,550,560,570,580,590,600
0,0,0,0,0,0,0,0,0,0,0,0,0,0,0,0,0,0,0,0,0,0,0,0,0,0,0,0,0,0,0,0,0,0,0,0,0,0,0,0,0,0,0,0,0,0,0,0,0,0,0,0,0,0,0,0,0,0,0,0
0,0,0,0,0,0,0,0,0,0,0,0,0,0,0,0,0,0,0,0,0,0,0,0,0,0,0,0,0,2,0,0,0,0,0,0,0,0,0,1,1,0,0,0,0,0,2,0,0,2,0,0,0,0,0,3,1,4,0,0
0,0,0,0,0,0,0,0,0,0,0,0,0,0,0,0,0,0,0,0,0,0,0,0,0,1,0,0,0,3,0,0,0,0,0,2,0,0,0,3,3,2,3,0,2,1,3,0,4,4,0,0,0,4,2,7,6,8,0,3
0,0,0,0,0,0,0,0,0,0,0,0,0,0,0,0,0,1,0,0,0,0,0,0,0,0,0,1,0,3,0,0,0,1,0,3,0,2,0,1,1,4,4,0,3,3,4,1,3,4,1,0,2,4,2,5,6,7,2,7
0,0,0,0,0,0,0,0,0,0,0,0,0,0,0,0,0,0,2,0,0,0,0,0,0,1,0,0,0,7,3,0,0,1,0,2,0,3,0,3,2,3,6,0,4,6,5,7,4,6,4,4,5,7,5,11,13,7,2,12
0,0,0,0,0,0,0,0,0,0,0,0,0,0,2,0,0,0,5,0,1,0,0,0,0,0,0,2,0,6,2,0,0,1,0,4,0,5,5,1,2,5,5,1,6,12,7,7,4,8,1,4,8,12,7,11,13,8,4,11
0,0,0,0,0,0,0,0,0,0,0,0,0,0,0,0,0,0,4,0,1,0,0,0,0,2,0,1,3,8,4,2,0,2,2,5,1,4,6,9,6,3,4,0,4,11,10,10,6,11,1,6,10,13,9,14,17,11,3,14
0,0,0,0,0,0,0,0,0,0,0,0,0,0,0,0,0,0,3,0,2,0,0,0,0,2,0,1,2,5,2,0,1,3,4,7,1,4,5,8,5,4,5,2,6,12,8,11,8,11,2,6,12,12,14,13,18,10,2,15
0,0,0,0,0,0,0,0,0,0,0,0,0,0,0,0,0,0,2,3,0,0,2,0,1,4,0,0,2,6,2,1,3,1,5,5,0,3,8,12,9,2,7,2,8,12,12,14,10,13,3,11,13,14,13,18,21,13,3,17
0,0,0,0,0,0,0,0,0,0,0,0,0,0,0,0,0,0,2,1,1,0,0,0,0,1,1,0,3,8,1,1,6,0,6,6,0,6,7,13,8,6,7,4,11,16,9,11,9,14,1,14,13,16,12,20,20,13,8,17
0,0,0,0,0,0,0,0,0,0,0,0,0,0,0,0,0,0,1,1,0,0,0,0,0,2,3,0,2,9,1,6,6,0,5,6,0,5,8,15,12,6,11,6,10,16,11,12,13,14,3,22,19,17,14,24,23,17,9,21
0,0,0,0,0,0,0,0,0,0,0,0,0,0,0,0,0,0,0,0,0,0,0,0,0,0,4,3,1,6,0,4,6,0,7,6,2,6,9,16,13,7,11,9,12,18,11,9,13,14,3,23,17,16,18,29,22,18,11,20
0,0,0,0,0,0,0,0,0,1,0,0,0,0,0,0,0,1,0,2,0,0,0,0,2,1,2,3,1,8,0,5,6,1,8,7,3,5,13,19,15,7,11,10,11,19,12,13,14,15,9,26,20,18,19,31,25,20,12,24
0,0,0,0,0,0,0,0,0,0,0,0,0,0,0,0,0,0,0,0,0,0,0,0,1,2,1,4,1,6,1,7,5,3,8,8,4,5,15,20,14,9,16,14,12,19,12,13,19,17,9,27,20,17,20,33,24,20,14,25
0,0,0,0,0,0,0,0,0,0,0,0,0,0,0,0,1,0,0,0,0,0,3,0,2,3,0,4,0,7,3,6,5,2,7,7,6,4,16,22,20,8,16,15,11,21,14,16,22,18,10,31,26,20,20,33,26,21,17,27
0,0,0,0,0,0,0,0,0,0,0,0,0,0,0,0,2,1,0,0,0,0,3,1,1,4,0,4,0,7,1,5,3,0,9,10,10,8,17,21,20,10,17,19,11,22,15,17,20,19,10,28,28,18,21,34,25,22,19,26
0,0,0,0,0,0,0,0,0,0,0,0,0,0,0,0,0,1,1,2,0,0,2,0,4,6,0,4,3,8,1,4,3,0,9,8,10,8,18,21,22,11,17,20,13,26,21,21,19,22,13,32,33,21,20,38,28,24,19,29
0,0,0,0,0,0,0,0,0,0,0,0,0,1,0,0,1,1,0,2,0,0,0,0,2,3,0,6,4,7,0,5,6,0,9,11,9,8,17,18,23,11,17,21,13,26,22,18,18,23,14,33,35,22,18,38,28,25,22,30
0,0,0,0,0,0,0,0,0,0,0,0,0,1,0,0,0,0,0,2,1,0,0,0,2,3,0,6,2,7,2,4,8,0,9,10,8,10,19,24,24,11,20,23,14,25,24,21,19,26,16,38,40,26,17,39,30,31,21,32
0,0,0,0,0,0,0,0,0,0,0,0,0,0,0,0,0,0,0,0,3,0,1,0,3,1,2,6,1,6,2,2,7,0,10,10,10,10,18,21,23,13,19,24,16,27,26,23,22,25,17,39,40,26,18,42,34,30,28,36
0,0,0,0,0,0,1,0,0,0,0,0,0,0,0,2,0,0,1,4,2,0,0,0,4,2,3,4,1,7,6,1,9,1,10,13,10,10,22,23,27,13,21,25,20,33,27,26,24,28,19,41,44,29,20,43,36,32,31,38
0,0,0,0,0,0,0,0,0,0,0,0,0,0,0,0,1,0,0,1,3,0,0,0,2,0,2,3,1,5,7,1,7,1,11,12,11,13,21,23,27,14,21,27,22,35,25,25,24,26,17,41,45,29,20,45,37,30,31,38
0,0,0,0,0,0,0,0,0,0,0,0,0,1,0,0,0,0,0,2,1,0,0,0,5,1,1,3,1,7,8,1,6,0,10,12,10,14,21,25,32,13,21,26,21,36,26,26,25,29,20,43,47,32,23,51,37,33,32,41
0,0,0,0,0,0,0,0,0,0,0,0,0,0,0,0,0,0,1,1,1,0,1,0,4,0,2,4,0,5,8,0,7,1,14,14,11,14,22,26,31,16,20,28,21,38,23,26,25,31,22,41,45,34,23,50,35,34,31,40
0,0,0,0,0,0,0,0,0,0,0,0,0,0,0,0,0,0,2,2,0,0,2,0,4,0,3,5,0,7,10,1,10,1,13,13,11,14,25,29,32,15,21,27,22,42,25,30,26,32,26,43,50,34,22,53,36,35,30,44
0,0,0,0,0,0,0,0,0,0,0,0,0,0,0,0,0,0,2,0,1,0,1,1,1,0,4,6,0,5,10,3,10,0,12,12,11,15,24,28,31,16,19,26,23,43,23,28,27,31,23,44,50,36,23,51,34,33,32,44
0,0,0,0,0,0,0,0,0,0,0,0,0,0,0,0,0,1,2,0,0,0,2,0,1,1,5,7,0,6,12,2,10,1,11,12,12,17,25,30,33,14,21,27,24,42,23,34,28,35,27,45,50,36,26,53,38,36,37,47
0,0,0,0,0,0,0,0,0,0,0,0,0,0,0,0,1,1,2,0,1,0,2,0,0,0,4,7,0,4,10,2,9,1,10,11,14,17,25,31,34,17,20,29,27,42,23,34,30,33,29,46,47,37,25,53,39,36,40,48
0,0,0,0,0,0,0,0,0,0,0,0,0,0,0,0,0,0,3,0,0,0,3,0,0,0,6,7,0,7,11,2,9,3,13,11,12,16,25,33,37,17,22,29,26,44,25,34,31,35,32,48,51,40,27,58,43,38,41,48
0,0,0,0,0,0,0,0,0,0,0,0,0,0,0,1,0,0,4,0,0,0,1,0,0,0,5,8,2,5,13,1,8,3,14,12,13,16,26,34,37,17,22,32,28,46,27,35,31,34,30,48,48,41,27,58,43,38,44,50
0,0,0,0,0,0,0,0,0,0,0,0,0,0,0,0,0,0,4,0,0,0,1,0,0,0,4,8,2,6,14,1,7,6,17,11,12,17,31,37,41,19,24,33,28,45,28,39,31,39,33,48,50,44,28,59,47,39,46,54
0,0,0,0,0,0,0,0,0,0,0,0,0,0,0,0,0,0,2,0,0,0,3,0,0,1,3,8,1,5,13,0,7,6,19,12,12,20,30,35,41,21,23,36,32,46,26,37,29,38,32,47,49,44,32,60,47,38,46,55
0,0,0,0,0,0,0,0,0,0,0,0,0,0,0,0,0,0,2,0,0,0,4,0,0,1,3,9,0,6,12,1,8,5,18,12,11,23,31,37,43,19,22,36,32,44,29,39,29,40,36,49,50,45,33,62,50,39,49,56
0,0,0,0,0,0,0,0,0,0,0,0,1,0,0,0,0,0,0,0,0,0,2,0,0,0,2,9,1,5,11,0,7,6,19,13,15,24,33,35,43,21,26,38,31,45,27,38,30,41,39,50,48,43,34,64,51,39,52,56
0,0,0,0,0,0,0,0,0,0,0,0,0,0,0,0,0,0,0,0,0,0,2,1,0,1,4,9,3,5,10,1,8,6,17,13,15,24,34,35,45,22,25,39,31,45,27,43,31,42,41,51,49,45,38,70,54,40,52,60
0,0,0,0,0,0,0,0,0,0,0,0,0,0,0,0,0,0,0,0,2,0,0,0,0,1,5,9,7,6,9,0,11,6,17,15,17,25,35,33,43,22,26,40,33,44,28,43,34,44,42,52,48,44,38,67,55,46,55,57
0,0,0,0,0,0,0,0,0,0,0,0,0,0,0,0,0,0,0,0,2,0,1,0,0,0,7,10,6,8,12,0,11,8,16,14,16,25,37,35,46,22,26,41,34,43,32,45,33,48,47,53,49,46,37,70,58,47,55,58
0,0,0,0,0,0,0,0,0,0,0,0,0,0,0,0,0,0,0,0,2,0,0,0,0,1,6,11,4,8,10,0,11,6,16,15,17,27,38,33,46,23,27,42,39,43,31,45,36,46,47,52,50,50,38,68,58,47,57,58
0,0,0,0,0,0,0,0,0,0,0,0,0,0,0,0,0,0,0,0,0,0,0,0,0,0,8,9,3,10,12,0,12,6,14,15,15,25,40,39,48,23,33,43,38,43,31,49,38,49,49,55,54,51,39,71,59,50,60,59
0,0,0,0,0,0,0,0,0,0,0,1,0,0,0,0,0,1,0,0,1,0,0,0,0,1,9,8,2,10,16,0,11,5,14,17,15,29,42,37,45,23,31,47,38,45,31,47,38,47,47,56,53,51,38,70,58,50,64,58
0,0,0,0,0,0,0,0,0,1,0,0,0,0,0,0,0,0,0,0,0,0,0,0,0,0,9,7,3,12,15,0,11,6,13,16,15,31,46,38,47,23,31,46,38,44,32,47,38,48,52,59,55,56,39,73,58,51,69,64
0,0,0,0,0,0,0,0,0,0,0,0,0,1,0,1,0,0,0,0,0,2,3,0,0,0,9,8,5,10,14,0,11,5,15,17,17,31,45,37,47,22,33,47,40,49,33,44,41,49,51,58,55,57,40,74,57,50,71,63
0,0,0,0,0,0,0,0,0,0,0,0,0,0,0,0,0,0,0,1,0,0,3,0,0,0,11,6,4,11,15,0,10,4,16,16,18,32,49,39,50,22,33,45,40,47,36,46,43,51,53,63,57,60,42,76,59,54,75,65
0,0,0,0,0,0,0,0,1,0,0,0,0,0,0,0,0,0,2,2,0,0,3,0,0,2,11,7,3,10,14,2,11,6,16,17,17,32,52,38,49,21,34,46,40,47,34,43,44,49,54,63,58,63,40,76,56,52,79,67
0,0,0,0,0,0,0,0,0,0,0,0,0,0,0,0,0,4,0,2,0,0,3,0,0,0,10,6,5,11,14,2,14,9,17,16,18,31,53,41,49,21,34,49,42,48,37,46,44,53,55,65,60,64,44,81,59,55,80,73
0,0,0,0,0,0,0,0,0,0,0,0,0,0,0,0,2,2,1,2,2,1,1,0,0,5,8,9,5,9,14,3,13,9,18,16,21,35,55,40,48,21,34,51,43,48,37,45,45,51,53,67,61,66,46,79,59,55,85,72
0,0,0,0,0,0,0,0,0,0,0,0,0,0,1,0,2,5,0,1,0,0,4,0,1,3,7,8,4,10,14,3,16,13,16,16,20,36,55,42,49,23,34,52,44,47,39,45,47,52,56,69,61,66,46,84,64,58,85,77
0,0,0,0,0,0,0,0,0,0,0,0,0,0,0,1,0,3,2,3,0,3,2,0,2,5,6,8,2,7,15,2,14,11,15,16,23,37,55,42,49,23,34,54,44,50,39,44,45,51,56,70,61,64,45,85,63,59,88,76
0,0,0,0,0,0,0,0,0,0,0,0,0,1,0,0,0,3,2,1,0,2,2,0,3,5,7,9,2,8,14,2,14,14,13,15,22,37,56,43,54,22,33,54,43,52,43,45,45,51,58,74,63,70,47,88,67,60,88,78
0,0,0,0,0,0,0,0,0,0,1,0,0,0,0,0,0,0,4,3,0,3,0,0,2,5,6,9,2,5,15,3,13,13,13,15,25,38,55,43,51,22,33,57,44,54,42,44,44,48,57,73,61,68,47,89,67,58,92,78
0,0,0,0,0,0,0,0,0,0,1,0,0,2,0,0,0,0,3,3,1,1,1,0,3,3,7,7,1,6,14,2,13,13,11,17,27,38,56,45,54,22,36,56,48,55,47,48,45,49,63,74,62,71,48,90,72,59,94,80
0,0,0,0,0,0,0,0,0,0,0,0,0,3,0,0,0,0,4,4,1,0,1,0,4,5,7,9,0,4,12,1,11,16,13,17,28,41,55,44,55,23,36,57,48,58,46,48,46,49,63,76,62,71,46,91,72,62,93,78
0,0,0,0,0,0,0,0,0,0,0,0,0,2,0,0,1,0,3,4,2,0,1,3,5,5,7,9,0,6,12,1,11,18,16,19,28,40,56,45,57,21,38,57,47,56,49,50,48,52,69,77,64,76,46,94,74,64,94,80
0,0,0,0,0,0,0,0,0,0,0,0,0,1,0,0,2,0,3,3,1,1,1,1,4,5,6,9,0,7,12,1,10,16,17,19,28,40,56,45,57,23,38,57,47,57,48,48,47,51,68,79,67,76,47,91,73,64,95,78
0,0,0,0,0,0,0,0,0,0,0,0,0,0,0,0,4,2,1,1,5,0,1,1,4,4,5,11,0,8,13,3,10,15,16,18,27,38,59,46,61,25,38,57,48,57,50,50,50,55,70,81,71,78,49,92,76,65,95,82
0,0,0,0,0,0,0,0,0,0,0,0,0,0,0,0,6,1,0,1,4,0,0,1,3,4,3,13,0,6,14,1,10,15,17,19,28,39,58,45,61,25,37,57,47,59,49,49,53,55,68,81,71,78,50,92,77,64,97,85
0,0,0,0,0,0,0,0,0,0,0,0,0,0,0,0,5,1,0,0,4,0,0,0,1,4,3,13,0,8,16,0,11,15,18,19,29,38,58,48,62,26,36,59,47,62,50,50,55,58,73,82,73,78,53,93,79,68,96,86
0,0,0,0,0,0,0,0,0,0,0,0,0,0,0,0,5,0,0,0,4,1,0,0,0,5,3,13,0,8,15,0,11,14,17,19,32,37,57,47,60,27,37,63,47,65,51,50,55,59,72,82,72,78,52,90,76,67,96,85
0,0,0,0,0,0,0,0,0,0,0,0,0,0,0,0,3,0,0,0,4,2,0,0,2,3,3,11,0,11,14,4,11,14,17,17,32,37,58,47,62,26,36,62,45,64,52,51,56,62,75,84,77,81,54,92,78,71,99,87
0,0,0,0,0,0,0,0,0,0,0,0,0,0,0,0,5,0,3,5,3,3,0,0,1,6,1,11,0,9,14,4,9,13,16,17,36,39,58,46,61,25,36,63,45,65,53,49,57,61,76,83,75,81,56,90,78,71,98,88
0,0,0,0,0,0,0,0,0,0,0,0,0,0,0,0,6,0,2,4,5,3,1,0,2,6,1,10,0,11,14,3,12,14,16,17,36,41,57,47,62,27,37,64,46,65,57,50,59,61,80,85,77,81,63,93,81,75,100,93
0,0,0,0,0,0,0,0,0,0,0,0,0,0,0,0,6,0,3,2,4,4,0,0,3,7,0,9,0,9,15,3,14,14,15,17,36,43,55,48,61,28,36,68,45,66,58,49,61,65,82,85,77,80,66,91,83,74,101,93
0,0,0,0,0,0,0,0,0,0,0,0,0,0,0,0,4,0,0,2,6,5,1,0,4,4,0,11,0,11,14,1,14,14,14,15,35,44,55,51,62,26,37,66,45,65,61,49,61,69,82,88,80,82,67,93,83,78,101,93
0,0,0,0,0,0,0,0,0,0,0,0,0,0,0,0,4,0,0,0,5,6,0,0,6,4,0,13,0,10,13,4,14,13,16,17,37,44,53,48,60,28,40,69,48,70,61,49,59,70,79,88,79,83,66,92,81,81,101,90
0,0,0,0,0,0,0,0,0,0,0,0,0,0,0,0,4,0,0,0,4,5,0,0,6,3,0,13,0,13,14,5,14,14,17,18,37,45,54,48,62,29,46,67,47,70,63,49,64,71,83,88,81,87,66,95,84,85,102,94
0,0,0,0,0,0,0,0,0,0,0,0,1,0,0,0,3,0,0,0,4,4,0,0,7,6,0,14,1,15,13,6,12,13,16,18,38,47,52,47,60,31,47,69,49,69,61,49,63,72,81,89,80,87,66,96,88,84,103,97
0,0,0,0,0,0,0,0,0,0,0,0,0,0,0,0,1,1,0,0,4,2,0,0,6,5,0,13,2,16,14,6,13,15,14,21,37,47,55,49,62,32,47,69,47,70,61,51,63,75,83,93,80,87,69,97,88,84,104,99
0,0,0,0,0,0,0,0,0,0,0,0,0,0,0,0,0,0,0,0,3,1,0,0,6,9,0,13,3,16,13,8,12,15,14,22,38,48,56,48,65,32,49,68,47,71,60,52,63,75,85,91,79,87,74,96,87,82,106,98
0,0,0,0,0,0,0,0,0,0,0,2,0,0,0,0,0,1,1,0,2,0,0,0,4,7,0,11,3,18,14,7,13,16,15,21,37,46,56,48,68,32,49,69,47,73,63,53,63,78,87,92,82,87,76,100,89,84,105,100
0,0,0,0,0,0,0,0,0,0,0,2,0,1,0,0,0,0,2,0,2,0,0,0,7,8,0,12,4,15,13,8,14,14,15,22,38,46,54,45,66,33,47,73,46,74,63,53,62,76,87,90,81,85,74,98,90,84,108,101
0,0,0,0,0,0,0,0,0,0,0,3,0,0,0,0,0,0,1,0,1,0,0,0,6,6,0,12,3,16,13,7,16,15,14,22,38,48,53,45,68,33,47,73,44,73,66,53,61,78,90,95,86,88,77,101,91,87,109,103
0,0,0,0,0,0,0,0,0,0,0,3,0,0,0,0,0,0,0,0,0,0,1,0,7,7,2,15,4,14,13,8,17,14,14,22,39,50,55,42,68,33,46,72,45,72,63,53,63,78,90,95,83,89,78,99,93,86,111,105
0,0,0,0,0,0,0,0,0,0,0,1,0,0,0,0,0,0,0,0,0,0,1,0,6,6,0,14,4,15,12,8,19,15,17,20,37,50,60,43,71,32,46,73,49,72,66,56,64,79,93,98,84,90,79,103,94,90,112,109
0,0,0,0,0,0,0,0,0,0,0,0,0,0,0,0,0,2,0,0,0,0,0,0,7,7,1,16,4,13,12,10,20,14,21,20,38,50,61,43,69,35,48,73,50,74,66,54,64,77,92,98,81,91,78,100,93,90,113,107
0,0,0,0,0,0,0,0,0,0,0,0,0,0,1,0,0,1,0,0,0,0,1,1,5,5,1,15,5,15,13,10,25,21,20,19,37,48,63,44,69,38,49,75,48,72,69,58,67,79,94,100,84,91,79,101,95,93,114,108
0,0,0,0,0,0,0,0,0,0,0,0,0,0,1,1,0,0,0,1,0,0,0,1,4,8,1,19,7,14,13,10,25,20,23,20,40,52,65,44,68,41,48,77,50,73,69,56,65,80,92,100,85,92,78,101,96,96,115,110
0,0,0,0,0,0,0,0,0,0,0,0,0,0,0,0,1,0,0,0,0,0,0,2,5,6,0,18,6,14,12,11,25,22,25,20,38,52,65,46,68,40,47,78,49,72,70,61,65,81,96,102,88,95,80,106,98,97,115,113
0,0,0,0,0,0,0,0,0,0,0,0,0,1,0,0,2,1,1,1,1,0,0,0,5,7,0,19,7,11,10,11,25,22,26,22,37,52,64,44,69,42,48,78,50,74,68,60,67,78,95,102,87,95,79,106,97,100,116,112
0,0,0,0,0,0,0,0,0,0,0,0,0,0,0,0,1,1,0,1,2,0,0,2,6,7,1,17,7,14,11,11,25,23,25,24,39,50,65,49,70,41,50,77,50,73,68,61,69,78,99,104,90,96,82,108,99,103,116,116
0,0,0,0,0,0,0,0,0,0,0,0,0,0,2,0,0,0,0,1,3,0,0,2,6,8,1,19,8,11,10,10,25,22,26,25,40,49,66,48,68,42,51,76,50,75,68,61,71,75,97,105,91,97,87,107,100,102,118,115
0,0,0,0,0,0,0,0,0,0,0,0,0,0,1,1,0,0,0,1,2,0,0,3,6,8,1,18,9,16,11,10,25,22,27,26,40,47,68,49,71,42,52,74,51,75,68,61,73,79,100,106,93,101,87,109,104,104,118,122
0,0,0,0,0,0,0,0,0,0,0,0,0,0,1,0,0,0,0,3,3,0,0,2,7,8,2,18,9,14,10,10,24,22,27,25,42,50,66,46,71,43,53,74,54,74,67,61,76,78,103,103,93,99,86,109,102,104,120,121
0,0,0,0,0,0,0,0,0,0,0,1,0,0,2,0,0,0,0,2,1,0,0,3,7,6,3,16,7,14,13,10,24,23,27,26,42,51,66,47,75,46,55,73,54,75,71,63,75,81,104,108,95,99,86,111,107,106,120,126
0,0,0,0,0,0,0,0,0,0,0,3,0,0,2,0,0,0,0,2,1,2,0,5,7,7,3,18,9,14,15,10,23,21,27,26,43,51,64,48,74,46,53,74,55,75,70,60,76,81,101,105,94,98,85,110,106,104,125,126
0,0,0,0,0,0,0,0,0,0,0,1,0,0,2,0,0,0,0,0,1,3,0,5,9,6,2,17,9,16,14,8,27,24,28,27,44,52,64,52,76,47,54,75,56,75,71,62,77,84,102,108,96,98,90,112,109,108,126,126
0,0,0,0,0,0,0,0,0,0,0,1,0,0,1,0,0,0,0,1,1,0,0,4,9,7,1,19,8,14,14,10,27,22,31,28,44,53,65,51,74,49,56,75,58,77,68,65,80,81,100,106,93,97,91,110,109,106,126,124
0,0,0,0,0,0,0,0,0,0,0,0,0,0,1,0,0,0,0,0,0,1,0,3,8,4,0,18,7,16,16,9,26,29,31,27,44,53,64,53,76,50,57,74,58,77,71,68,83,83,103,109,94,98,91,111,113,108,125,127
0,0,0,0,1,0,0,0,0,0,0,0,0,0,0,0,0,0,0,0,0,0,1,3,9,4,1,17,8,14,15,9,24,29,32,28,43,52,62,50,75,49,56,74,59,81,71,66,83,86,102,109,92,98,90,110,112,106,128,128
0,0,0,0,0,0,0,0,0,0,0,0,0,0,1,0,0,0,0,0,0,0,0,3,7,2,1,17,6,14,14,9,25,29,32,26,45,51,61,52,75,52,56,72,57,79,73,67,84,88,104,111,93,101,96,111,113,108,129,131
0,0,0,0,0,0,0,0,0,0,0,0,1,0,0,0,0,0,0,0,0,0,0,1,8,4,0,16,6,14,13,9,26,28,32,26,45,52,60,49,75,52,59,76,61,80,72,66,84,89,103,110,94,101,97,112,112,107,129,132
0,0,0,0,0,0,0,0,0,0,0,0,2,0,0,0,0,0,0,0,0,3,0,2,7,1,0,16,6,14,13,8,26,28,30,24,45,52,60,56,78,52,60,76,63,80,74,69,84,91,104,112,94,102,96,116,115,109,128,135
0,0,0,0,0,0,0,0,0,0,0,0,1,0,0,0,0,0,2,0,0,1,0,1,9,4,0,16,6,13,13,9,26,29,30,26,48,53,61,54,79,54,61,78,62,80,72,68,84,89,102,113,93,101,94,115,113,109,131,134
0,0,0,0,0,0,0,0,0,0,0,0,0,0,0,0,0,0,2,0,0,3,0,2,9,4,0,16,5,16,14,9,26,28,28,26,48,53,61,58,82,57,61,76,62,78,74,72,85,93,106,118,95,100,93,116,116,111,131,136
0,0,0,0,0,0,0,0,0,0,0,0,0,0,0,0,0,0,3,2,0,4,1,1,8,11,2,16,5,15,15,11,25,29,27,25,47,54,60,56,82,59,60,75,64,80,73,74,84,92,107,117,94,100,93,115,116,111,133,138
0,0,0,0,0,0,0,0,0,0,0,0,0,0,0,0,0,0,1,0,0,4,1,0,10,10,0,15,4,18,15,10,26,32,28,24,47,56,61,60,82,57,60,75,64,79,76,77,88,93,108,118,97,104,94,118,118,113,132,140
0,0,0,0,0,0,0,0,0,0,0,0,0,0,0,0,0,0,1,1,0,2,0,0,9,14,0,17,4,18,13,10,24,31,29,23,49,57,61,58,80,59,61,75,65,80,74,77,90,97,105,118,94,103,97,118,117,114,132,139
0,0,0,0,0,0,0,0,0,0,1,0,0,0,0,0,0,0,0,0,0,2,0,0,8,12,0,15,3,20,14,9,24,35,30,23,52,56,60,59,80,62,68,75,63,80,76,83,91,100,108,120,95,105,98,118,120,116,131,143
0,0,0,0,0,0,0,0,0,0,1,0,0,1,0,0,0,0,0,1,0,0,2,0,7,13,0,15,3,17,14,11,26,35,30,23,53,58,60,59,78,63,69,75,63,80,74,80,91,98,109,118,93,104,97,123,117,113,133,141
0,0,0,0,0,0,0,0,0,0,1,0,0,1,0,0,0,0,0,1,1,0,3,0,8,11,1,14,3,20,14,10,26,35,30,24,52,58,63,61,78,64,69,78,65,81,79,83,91,102,113,123,94,109,101,124,118,118,133,147
0,0,0,0,0,0,0,0,0,0,1,0,0,0,0,0,0,0,0,1,0,0,3,0,8,12,0,14,2,17,14,11,24,34,32,23,53,59,62,59,80,66,68,81,67,82,77,81,90,99,110,122,95,114,101,124,118,118,135,148
0,0,0,0,0,0,0,0,0,0,0,0,0,0,1,0,0,0,0,0,0,0,5,0,7,11,0,13,1,18,15,10,26,34,34,22,52,61,64,61,82,67,69,79,69,82,80,81,92,102,113,126,99,115,101,124,119,120,133,150
0,0,0,0,0,0,0,0,0,0,0,0,0,0,1,0,0,1,0,0,0,0,5,2,6,12,0,14,0,17,14,11,24,34,33,25,52,66,64,61,79,69,71,79,69,84,79,83,93,102,113,127,98,117,100,127,123,120,135,151
0,0,0,0,0,0,0,0,0,0,0,0,0,0,0,0,0,0,1,0,1,0,5,0,4,9,0,14,0,17,13,9,24,34,31,25,53,64,64,63,82,70,71,78,68,85,81,87,94,103,113,129,100,119,104,131,128,123,134,154
0,0,0,0,0,0,0,0,0,0,0,0,0,0,0,0,0,0,1,0,1,0,5,0,6,10,0,14,0,15,11,9,23,37,30,25,52,66,63,60,80,70,70,79,70,87,81,86,94,101,111,127,99,118,108,131,129,125,137,153
0,0,0,0,0,0,0,0,0,0,0,1,0,0,1,0,0,0,0,0,0,0,3,0,6,9,2,12,1,17,13,9,27,38,29,23,52,64,63,62,81,72,69,77,69,90,84,88,95,103,117,131,101,117,110,134,134,127,138,156
0,0,0,0,0,0,0,0,1,0,0,1,0,0,0,1,0,0,0,0,0,0,2,0,7,10,1,13,2,16,13,9,26,39,29,24,52,65,65,60,82,72,67,78,72,90,84,88,94,102,118,131,103,118,108,136,132,125,138,156
0,0,0,0,1,0,0,0,0,0,0,2,0,0,0,0,1,1,0,0,0,0,0,0,6,11,2,12,2,17,13,9,30,42,28,24,50,63,67,65,83,75,66,77,71,89,87,89,94,105,119,135,103,122,109,137,135,126,139,158
0,0,0,0,0,0,0,0,0,0,0,0,0,0,0,0,0,0,0,0,0,0,0,0,7,13,0,12,4,14,13,9,30,41,27,25,50,63,68,64,83,75,65,78,72,91,85,89,92,104,116,134,100,120,110,135,136,125,140,157
0,0,0,0,0,0,0,0,0,0,0,0,0,0,0,0,0,0,0,0,0,0,0,0,5,12,2,11,4,14,16,10,29,41,28,27,51,61,70,64,84,74,66,77,74,94,86,92,93,107,119,138,102,122,112,138,142,129,141,157
0,0,0,0,0,0,0,0,0,0,0,0,0,0,0,0,0,0,0,0,0,0,0,0,6,12,1,11,5,14,14,10,27,42,28,26,53,61,70,65,83,76,66,77,75,101,84,90,93,106,119,136,99,121,111,137,141,128,141,155
0,0,0,0,0,0,0,0,0,0,0,0,0,0,0,0,2,1,2,0,0,0,0,0,6,9,2,11,5,17,14,8,31,42,29,26,53,60,71,70,86,75,67,78,73,103,87,94,93,110,122,136,101,123,111,142,142,132,142,158
0,0,0,0,0,0,0,0,0,0,0,0,0,0,0,0,1,0,0,0,2,0,0,4,5,10,2,12,4,18,13,9,30,43,28,27,53,61,70,71,86,77,69,79,73,103,86,92,93,108,119,137,99,123,111,141,143,133,144,156
0,0,0,0,0,0,0,0,0,0,0,0,0,0,0,0,2,0,0,1,2,0,0,5,8,8,2,12,3,20,13,8,29,43,26,27,54,63,72,71,87,77,71,79,74,106,88,96,94,110,120,140,103,123,114,143,145,137,144,159
0,0,0,0,0,0,0,0,0,0,0,0,0,0,0,1,2,0,0,1,2,1,0,3,10,10,2,15,4,19,12,8,28,41,27,26,53,67,71,70,85,77,71,82,76,107,87,93,96,108,119,140,101,124,115,145,146,138,148,156
0,0,0,0,0,0,0,0,0,0,0,0,1,0,0,1,1,0,0,0,1,1,2,4,8,7,3,13,4,20,12,7,29,45,27,27,52,65,71,72,88,77,72,83,75,108,89,95,99,114,120,141,105,123,117,147,146,140,147,163
0,0,0,0,0,0,0,0,0,0,0,0,0,0,0,1,0,1,0,0,0,2,2,3,9,8,1,14,4,19,12,8,27,44,28,28,52,66,71,70,88,78,72,82,75,109,88,96,100,112,121,139,104,125,117,144,148,137,147,164
0,0,0,0,0,0,0,0,0,0,0,0,0,0,0,1,0,1,2,0,0,3,3,2,8,6,2,12,4,19,12,8,29,46,28,27,53,67,72,70,88,80,71,85,75,108,88,100,99,114,123,140,107,127,116,145,149,141,148,164
0,0,0,0,0,0,0,0,0,0,0,0,0,0,0,0,2,0,1,0,0,2,3,3,8,8,0,14,4,16,13,11,27,45,29,28,53,67,73,67,87,79,71,86,75,111,86,99,101,114,120,139,106,126,121,144,147,142,148,166
0,0,0,0,0,0,0,0,0,0,0,0,0,1,0,0,1,0,0,0,0,2,1,5,8,6,0,13,4,17,13,16,27,45,30,28,52,66,74,69,89,77,74,87,73,111,89,101,101,115,121,140,110,128,121,145,148,143,150,170
0,0,0,0,0,0,0,0,0,0,0,0,0,0,0,0,0,0,0,0,1,3,0,3,10,6,0,13,3,17,11,17,26,45,31,31,53,67,74,68,91,79,73,86,75,110,88,100,100,114,123,142,108,128,124,144,146,141,151,170
0,0,0,0,0,0,0,0,0,0,0,0,0,0,0,0,0,0,0,0,0,2,0,6,9,8,0,12,2,18,13,15,25,46,32,31,54,67,74,70,96,79,74,84,74,109,90,103,102,114,123,143,111,131,126,146,150,145,154,173
0,0,0,0,0,0,0,0,0,0,0,0,0,0,0,0,0,0,0,0,1,0,0,5,10,9,2,12,2,15,16,16,26,47,33,32,58,67,72,69,96,79,73,86,74,111,90,102,100,112,120,143,108,130,127,143,150,145,157,172
0,0,0,0,0,0,0,0,0,0,0,0,0,0,0,0,0,0,0,0,0,2,0,5,9,7,3,11,3,16,15,17,27,46,33,30,59,67,73,69,98,81,73,87,75,110,92,104,99,113,123,144,110,134,127,143,153,146,158,174
0,0,0,0,0,0,0,0,0,0,0,0,0,0,0,0,0,1,0,0,0,2,0,5,11,7,5,11,2,14,15,18,27,46,32,31,60,70,72,66,96,80,73,88,77,111,91,102,100,111,123,143,107,133,127,141,153,146,157,176
0,0,0,0,0,0,0,0,0,0,0,0,0,0,0,0,0,0,1,0,0,3,0,4,10,6,4,10,1,15,16,16,26,46,30,30,60,69,74,67,96,78,76,89,76,112,91,105,100,112,126,143,108,133,128,144,154,150,157,181
0,0,0,0,0,0,0,0,0,0,0,0,0,0,0,0,0,0,0,0,1,3,2,6,10,8,7,13,0,12,16,16,27,46,32,30,61,70,75,66,96,79,75,89,77,111,90,106,99,112,125,142,106,134,128,145,152,148,158,179
0,0,0,0,0,0,0,0,0,0,0,0,0,0,0,0,0,0,1,0,3,2,1,6,9,7,7,12,0,15,17,14,30,45,31,30,60,70,76,68,99,77,77,89,78,110,92,107,102,115,127,146,106,136,129,148,152,149,158,181
0,0,0,0,0,0,0,0,0,0,0,0,0,1,0,0,0,1,1,0,1,1,0,7,10,9,7,12,0,13,18,16,29,45,32,30,61,69,77,69,98,78,76,88,79,111,92,107,101,112,124,146,105,138,129,145,151,148,160,181
0,0,0,0,0,0,0,0,0,0,0,0,0,0,0,2,0,0,0,1,1,1,2,9,8,10,6,13,0,14,20,14,29,45,34,28,61,69,80,70,98,81,77,88,79,110,95,109,102,116,125,148,108,140,132,149,153,152,159,186
0,0,0,0,0,0,0,0,0,0,0,0,0,0,0,1,0,0,0,1,0,0,1,8,9,13,5,15,1,12,18,15,28,44,33,29,62,69,81,69,97,83,77,88,80,112,95,109,104,116,126,148,109,138,130,149,150,150,158,184
0,0,0,0,0,0,0,0,0,0,0,0,0,0,0,1,2,0,0,1,0,0,0,8,8,10,4,14,1,15,22,17,27,44,31,28,61,67,83,70,98,83,77,87,80,111,96,112,106,119,126,150,112,138,134,152,153,152,158,184
0,0,0,0,0,0,0,0,0,0,0,0,0,0,0,0,0,0,0,0,0,0,0,7,10,11,2,13,1,13,20,16,26,43,33,27,64,67,81,68,97,83,76,87,80,114,96,113,106,120,126,150,112,137,133,152,152,152,161,184
0,0,0,0,0,0,0,0,0,0,0,0,0,0,0,1,1,0,1,0,0,2,0,9,8,8,2,14,0,14,20,16,29,43,31,31,62,68,81,70,99,82,76,87,80,112,97,114,108,121,129,154,115,137,136,154,155,153,162,186
0,0,0,0,0,0,0,0,0,0,2,0,1,0,0,0,0,1,0,4,0,3,0,8,7,8,2,13,1,13,18,17,29,42,32,31,65,70,81,69,97,81,77,91,82,113,95,113,108,118,129,153,113,137,136,153,153,154,166,183
0,0,0,0,0,0,0,0,0,0,0,0,1,0,0,0,0,0,1,4,0,4,0,7,8,6,5,15,0,14,19,16,28,41,32,32,65,68,82,72,99,80,79,90,82,112,98,117,110,120,133,153,116,138,138,154,159,158,169,184
0,0,0,0,0,0,0,0,0,0,0,0,0,0,0,0,0,0,0,5,0,2,0,5,8,8,4,15,3,11,21,16,29,39,34,32,66,71,81,71,96,80,80,90,82,112,99,115,112,119,131,153,115,136,139,152,160,155,169,181
0,0,0,0,0,0,0,0,0,0,0,0,0,0,0,0,0,1,0,4,0,3,0,6,9,6,3,14,1,11,22,16,28,38,32,30,65,72,83,72,97,79,81,89,82,112,100,118,111,120,138,156,117,138,138,152,161,160,168,186
0,0,0,0,0,0,0,0,0,0,0,0,0,0,0,0,0,0,0,3,0,1,0,7,9,6,3,14,2,11,22,17,26,36,33,30,66,74,85,71,96,81,79,90,82,112,99,117,113,121,136,157,115,139,137,152,161,158,169,186
0,0,0,0,0,0,0,0,0,0,0,0,0,0,0,0,0,0,0,4,1,0,0,8,7,5,3,13,0,13,22,18,26,38,32,31,65,75,86,73,98,81,81,90,83,112,101,118,117,122,137,158,116,140,140,156,164,160,170,188
0,0,0,0,0,0,0,0,0,0,0,1,0,0,1,0,0,0,0,5,1,0,0,6,7,6,1,16,2,11,23,19,27,37,32,30,64,76,86,71,97,81,80,92,86,111,98,116,117,120,134,155,116,143,142,157,162,160,172,187
0,0,0,0,0,0,0,0,0,0,0,0,0,0,0,0,0,0,0,5,0,0,0,5,6,5,2,14,0,11,23,20,28,37,32,29,63,77,85,73,98,80,83,93,87,112,99,116,116,122,136,159,117,145,145,160,164,166,173,187
0,0,0,0,0,0,0,0,0,0,0,0,0,0,0,0,0,0,0,5,1,0,0,4,8,6,1,15,0,8,21,20,27,38,34,29,63,77,84,74,95,81,84,96,89,114,96,114,117,122,134,156,114,146,144,159,162,165,176,184
0,0,0,0,0,0,0,0,0,0,0,0,0,0,0,0,0,0,0,5,0,0,0,3,7,3,1,13,0,10,23,22,29,39,34,29,62,75,88,76,98,80,85,97,90,112,96,115,120,122,135,159,117,146,144,162,162,167,175,185
0,0,0,0,0,0,0,0,0,0,0,0,0,0,0,0,0,0,0,3,0,0,0,2,8,3,1,14,0,8,24,21,31,38,35,30,63,76,88,78,97,81,83,97,92,118,94,116,120,120,135,160,116,146,145,163,160,171,177,183
0,0,0,0,0,0,0,0,0,0,0,0,0,0,0,0,0,0,0,5,0,0,0,2,7,2,2,12,1,10,24,20,32,38,35,31,64,75,89,78,99,81,85,98,91,118,94,119,121,123,135,163,119,147,144,166,162,172,176,188
0,0,0,0,0,0,0,0,0,0,0,0,0,0,0,0,0,0,0,3,0,0,0,3,8,3,2,11,1,9,22,21,30,37,37,32,66,76,89,76,98,83,83,98,91,118,92,119,124,121,133,160,116,149,143,167,163,172,178,185
0,0,0,0,0,0,0,0,0,0,0,0,0,0,0,0,0,0,0,3,1,0,0,5,8,1,1,9,0,9,22,19,30,38,35,33,65,76,91,76,99,82,84,98,91,116,101,120,127,122,135,164,116,149,147,170,165,174,180,187
0,0,0,0,0,0,0,0,0,0,0,0,0,0,0,0,1,0,0,1,0,0,0,3,7,1,1,9,2,11,21,20,28,39,34,33,64,78,90,75,98,82,82,97,91,116,100,117,127,124,133,164,116,150,147,167,166,175,180,189
0,0,0,0,0,0,0,0,0,0,0,0,0,0,0,0,1,0,0,0,0,0,1,3,6,0,1,7,1,12,21,19,31,40,33,32,67,78,89,76,98,81,83,98,90,115,102,120,129,126,134,167,118,152,147,168,168,175,179,190
0,0,0,0,0,0,0,0,0,0,0,0,0,0,0,1,0,0,0,0,0,0,1,4,6,0,0,7,2,11,19,21,30,39,33,37,67,78,89,73,95,83,82,98,91,117,102,122,130,125,133,167,117,154,147,165,169,173,180,190
0,0,0,0,0,0,0,0,0,0,0,0,0,0,0,1,0,0,0,0,0,0,0,6,5,1,1,6,1,13,19,20,29,39,33,36,65,79,92,76,95,81,81,97,90,116,103,125,131,126,135,168,118,153,146,168,172,177,178,192
0,0,0,0,0,0,0,0,0,0,0,0,0,0,0,0,0,0,1,0,0,0,0,7,5,2,2,5,5,11,19,22,27,38,33,37,64,80,92,75,94,81,82,96,90,118,101,128,132,127,133,165,118,152,147,168,172,179,180,190
0,0,0,0,0,0,0,0,0,0,0,0,0,0,0,0,2,0,0,1,1,0,2,7,4,2,3,6,4,11,19,21,28,38,32,38,62,81,93,79,96,80,87,97,89,120,101,130,132,131,134,167,122,151,149,171,173,181,179,192
0,0,0,0,0,0,0,0,0,0,0,0,0,0,0,1,0,0,1,0,0,0,2,5,5,2,1,5,5,11,22,21,26,39,33,40,64,81,91,76,94,85,87,97,89,121,102,132,132,129,131,165,120,151,149,168,170,181,181,191
0,0,0,0,0,0,0,1,0,0,0,0,0,0,0,0,0,0,0,0,0,0,1,6,3,1,1,5,5,13,23,19,25,39,34,39,66,81,92,78,96,86,90,96,90,122,103,137,134,129,134,165,121,155,149,170,173,182,182,192
0,0,0,0,0,0,0,0,0,0,0,0,0,0,0,0,0,0,0,0,0,3,1,6,3,0,2,7,7,10,23,19,23,39,37,41,65,83,92,79,95,88,89,99,91,125,103,137,137,129,131,166,120,154,151,169,171,180,182,191
0,0,0,0,0,0,0,0,0,0,0,0,0,0,0,0,0,0,0,2,0,1,3,6,5,1,3,6,5,11,25,18,23,38,37,41,65,81,91,81,96,90,90,99,92,125,106,140,139,133,132,167,121,156,151,170,172,181,183,196
0,0,0,0,0,0,0,0,0,0,0,0,0,0,0,0,0,0,0,0,0,2,3,4,5,1,3,5,5,11,24,18,22,37,41,40,68,81,92,78,94,90,88,100,91,126,104,140,140,132,132,168,122,155,151,168,171,182,184,196
0,0,0,0,0,0,0,0,0,0,0,0,1,0,0,0,0,0,0,0,0,1,2,3,5,0,3,4,4,11,23,18,24,37,45,40,71,80,93,79,95,90,88,99,93,125,108,141,142,133,133,168,126,156,152,170,171,183,183,198
0,0,0,0,0,0,0,0,0,0,1,0,0,0,0,0,0,0,0,0,0,1,2,5,5,0,2,6,4,11,24,18,22,37,44,40,70,84,92,78,98,89,89,101,95,125,108,139,145,133,134,167,127,156,151,171,172,182,184,199
0,0,0,0,0,0,0,0,0,0,0,0,0,0,0,0,1,0,0,0,2,0,1,4,3,0,4,7,2,13,26,18,26,37,45,39,69,84,93,80,98,90,88,101,93,126,109,141,148,134,134,167,130,156,152,174,174,183,185,201
0,0,0,0,0,0,0,0,0,0,0,0,0,0,0,0,0,0,0,0,0,0,0,3,3,0,3,7,2,14,26,19,25,42,46,41,69,83,91,81,96,93,88,102,93,127,106,140,146,133,133,170,130,155,150,175,173,182,186,200
0,0,0,0,0,0,0,0,0,0,0,0,0,0,0,0,0,0,0,2,0,0,0,2,1,0,4,8,1,19,26,18,26,41,48,39,70,83,90,84,98,92,88,104,91,125,110,144,146,134,134,171,136,158,152,177,174,186,188,202
0,0,0,0,0,0,0,0,0,0,0,0,0,0,0,0,0,0,0,2,0,0,0,1,3,0,4,9,1,17,25,18,26,40,48,40,70,87,88,82,97,92,89,105,92,126,109,143,146,132,132,172,134,156,151,177,175,186,188,201
0,0,0,0,0,0,0,0,0,0,0,0,0,0,0,0,0,2,0,1,0,0,0,1,1,0,3,7,0,17,26,18,27,42,47,40,69,85,91,84,98,93,91,104,91,125,111,145,146,133,133,175,136,156,150,180,178,187,189,205
0,0,0,0,0,0,0,0,0,0,0,0,0,2,0,0,0,3,0,0,0,1,0,0,0,2,5,8,0,15,27,18,25,42,48,42,69,86,91,81,97,93,91,104,90,124,110,143,145,133,130,172,134,155,151,181,177,189,191,205
0,0,0,0,0,0,0,0,0,0,0,0,0,2,0,0,0,3,0,0,0,0,1,0,0,1,5,7,0,18,27,17,26,41,48,41,68,85,92,82,99,91,93,104,92,124,112,144,145,135,132,174,134,156,156,183,177,192,191,207
0,0,0,0,0,0,0,0,0,0,0,0,0,2,0,0,0,4,0,0,0,0,0,0,0,0,3,8,0,15,26,18,24,41,47,43,67,86,94,79,100,92,92,107,92,125,112,143,143,134,131,172,133,156,155,180,174,190,192,207
0,0,0,0,0,0,0,0,0,0,1,0,0,0,0,0,0,3,0,0,0,0,0,0,0,0,6,6,0,18,28,18,23,43,48,43,67,86,95,80,103,90,95,107,91,124,115,144,142,136,134,173,134,157,154,183,182,192,193,210
0,0,0,0,0,0,0,0,0,0,0,0,0,0,1,0,1,3,0,0,0,0,0,0,0,0,6,7,0,16,26,18,22,43,47,43,67,86,93,80,101,89,93,111,93,125,112,143,141,134,131,172,135,158,154,180,180,192,193,210
0,0,0,0,0,0,0,0,0,0,0,0,2,0,2,0,3,1,0,0,0,0,0,0,0,0,9,8,3,18,26,18,21,46,45,41,66,84,95,80,104,87,92,110,93,124,115,146,141,135,132,174,137,159,154,182,183,196,194,213
0,0,0,0,0,0,0,0,0,0,0,0,0,0,2,0,1,1,0,0,0,0,0,0,0,0,8,8,2,19,24,18,19,46,46,41,66,84,94,78,102,87,93,112,93,125,114,143,141,132,130,173,138,162,157,181,182,195,193,215
0,0,0,0,0,0,0,0,0,0,0,0,0,0,0,0,0,3,0,0,1,0,0,0,0,2,9,7,4,20,24,17,24,47,45,40,68,84,93,80,103,89,95,111,91,124,116,143,143,135,131,177,141,163,159,183,183,195,193,217
0,0,0,0,0,0,0,0,0,0,0,0,0,0,0,0,0,2,0,1,2,1,0,1,0,3,9,7,3,19,22,19,25,47,45,42,69,85,92,77,102,91,94,110,92,124,116,142,143,134,128,177,141,163,160,181,182,195,194,219
0,0,0,0,0,0,0,0,0,0,0,0,0,0,0,0,0,0,0,2,1,1,0,3,0,3,8,6,6,20,24,20,29,47,45,42,69,86,91,79,105,91,93,108,91,124,117,147,145,135,130,177,146,166,160,183,184,196,194,219
0,0,0,0,0,0,0,0,0,1,0,0,0,0,0,0,0,0,0,1,3,0,0,1,2,3,6,9,4,18,24,21,29,46,44,42,69,88,90,77,102,95,92,107,92,125,114,148,144,132,128,175,144,165,160,182,186,194,194,218
0,0,0,0,0,0,0,0,0,1,0,0,0,0,0,0,0,0,0,5,2,0,2,1,0,5,6,10,7,19,24,19,30,46,43,43,71,89,89,81,103,95,92,108,91,124,115,153,144,133,132,179,147,167,161,182,187,196,196,221
0,0,0,0,0,0,0,0,0,0,0,1,0,0,0,0,0,0,0,6,2,0,0,0,0,5,5,11,6,16,24,22,29,45,45,43,74,89,89,80,102,96,93,108,92,126,114,151,143,132,129,178,145,166,159,180,185,194,200,220
0,0,0,0,0,0,0,0,0,0,0,0,0,0,0,0,0,0,0,7,1,0,2,1,0,4,6,9,7,18,25,22,28,44,45,45,73,91,90,82,103,95,92,107,90,126,115,154,142,136,130,180,145,166,160,182,188,197,200,221
0,0,0,0,0,0,0,0,0,0,0,0,0,0,0,0,0,0,1,6,1,2,2,0,1,4,5,10,6,15,23,21,28,44,44,44,73,90,88,79,100,96,90,109,90,128,112,152,142,136,127,183,142,164,160,180,186,198,201,221
0,0,0,0,0,0,0,0,0,0,0,0,0,0,0,0,0,1,0,8,0,0,1,0,1,2,4,9,9,15,25,19,30,47,42,42,71,89,89,80,102,97,91,112,90,127,114,154,143,140,130,185,147,164,161,184,191,199,199,224
0,0,0,0,0,0,0,0,0,0,0,0,0,0,0,0,0,0,0,7,0,0,0,0,5,2,4,8,8,14,24,19,29,45,42,46,71,91,88,78,102,96,93,114,92,128,113,152,142,139,130,183,146,165,162,183,188,199,201,221
0,0,0,0,0,0,0,0,0,0,0,0,2,0,0,0,0,0,0,6,0,0,0,0,3,0,5,8,8,14,24,17,31,47,41,45,71,91,90,80,104,94,95,113,92,127,116,153,145,144,134,183,152,165,162,185,189,200,200,224
0,0,0,0,0,0,0,0,0,0,0,0,1,0,0,0,0,0,0,7,0,0,0,0,5,0,3,9,7,13,23,17,31,45,44,44,75,92,89,80,103,94,93,114,94,128,113,154,148,143,136,181,155,165,163,182,191,199,200,223
0,0,0,0,0,0,0,0,0,0,0,0,0,0,0,0,0,0,0,8,0,0,2,0,3,0,4,8,8,15,22,15,32,44,45,44,75,90,88,84,106,92,93,113,94,126,118,154,149,146,139,181,158,164,165,185,195,201,200,224
0,0,0,0,0,0,0,0,0,0,0,0,0,0,0,0,0,0,0,7,0,1,3,0,4,0,2,8,5,13,23,15,32,44,47,46,76,90,86,82,104,91,91,114,95,126,117,153,150,147,138,180,157,165,165,182,193,198,202,225
0,0,0,0,0,0,0,0,0,0,0,0,0,0,0,0,0,0,0,6,0,0,4,0,5,0,2,7,7,14,24,16,33,44,50,45,77,89,89,84,107,92,92,113,95,124,122,156,150,150,140,183,159,164,167,183,194,200,201,227
0,0,0,0,0,0,0,0,0,0,0,0,0,1,0,0,0,0,0,6,0,0,5,0,5,0,3,7,6,12,23,15,31,42,51,45,77,88,87,81,105,92,94,113,94,124,121,155,150,150,138,181,157,163,166,181,195,201,202,227
0,0,0,0,0,0,0,0,0,0,0,0,0,0,0,2,0,0,1,5,0,0,3,0,3,2,2,6,8,12,23,16,30,43,50,43,77,87,86,82,107,92,94,113,94,124,121,157,151,152,139,185,158,165,167,181,196,205,202,231
0,0,0,0,0,0,0,0,0,0,0,0,0,0,0,1,0,0,0,4,0,0,5,0,4,3,3,5,6,10,24,15,30,42,50,43,76,89,85,80,104,92,92,112,94,124,118,156,152,151,138,184,158,164,165,178,195,203,203,233
0,0,0,0,0,0,0,0,0,0,0,0,0,0,0,0,0,0,0,4,0,0,3,0,2,0,4,3,8,14,25,16,30,41,51,43,74,88,88,81,106,93,92,114,93,122,122,157,151,151,138,186,160,166,165,179,200,207,204,237
0,0,0,0,0,0,0,0,0,0,0,0,0,0,0,0,0,0,0,3,0,0,3,0,4,1,3,4,6,11,29,17,31,40,51,46,74,87,87,82,106,93,91,117,92,123,122,157,151,151,136,184,157,172,165,179,197,207,204,235
0,0,0,0,0,0,0,0,0,0,0,0,0,0,0,0,0,0,0,2,0,0,1,0,2,0,2,4,6,12,31,19,31,41,50,45,74,87,86,85,108,93,91,118,94,123,122,160,151,152,139,185,159,173,166,181,198,208,203,236
0,0,0,0,0,0,0,0,0,0,0,0,0,0,0,0,0,1,0,2,0,0,2,0,3,1,2,5,4,9,29,20,32,39,50,48,76,86,88,83,106,93,90,119,96,123,122,158,150,151,138,183,158,172,168,178,198,208,203,233
0,0,0,0,0,0,0,0,0,0,0,0,0,0,1,0,0,2,0,3,0,0,0,0,1,1,2,6,5,14,29,19,34,40,48,46,76,86,90,85,106,93,93,117,95,123,123,158,150,152,140,186,161,171,169,180,199,212,202,235
0,0,0,0,0,0,0,0,0,0,0,0,0,0,3,0,0,1,0,1,0,0,0,1,3,2,2,9,4,13,29,18,33,41,48,45,75,86,89,87,103,93,92,118,96,125,121,156,148,153,138,184,163,170,171,179,198,215,203,234
0,0,0,0,0,0,0,0,0,0,0,0,0,0,2,1,0,0,0,2,0,0,0,0,2,4,2,8,6,17,30,17,33,41,46,43,75,86,89,90,105,93,92,118,97,123,122,157,148,154,141,187,165,171,174,179,201,216,203,235
0,0,0,0,0,0,0,0,0,0,0,0,0,0,3,0,0,0,0,1,0,0,2,0,2,6,4,8,5,20,29,18,32,41,47,45,75,86,89,89,102,92,91,119,98,125,120,155,149,153,139,187,163,171,175,177,200,217,203,234
0,0,0,0,0,0,0,0,0,0,0,0,0,0,1,0,0,0,0,2,0,0,3,0,1,4,4,10,7,20,28,17,31,40,48,45,75,84,90,90,103,91,90,123,97,125,121,158,148,154,141,187,166,170,178,178,202,217,203,238
0,0,0,0,0,0,0,0,0,0,0,0,0,0,0,0,0,0,0,1,0,0,3,0,3,5,2,9,6,18,27,18,31,40,48,46,75,83,88,89,102,92,89,125,99,126,120,156,150,151,140,185,165,171,177,176,199,219,204,238
0,0,0,0,0,0,0,0,0,0,0,0,0,0,0,0,0,0,0,1,0,0,2,0,1,7,3,9,10,19,27,17,30,39,48,46,74,81,89,90,103,92,90,126,102,126,122,160,152,153,143,187,168,172,177,178,201,221,203,239
0,0,0,0,0,0,0,0,0,0,0,0,0,0,0,0,2,0,0,2,2,2,3,0,2,8,1,8,10,19,27,16,30,40,48,47,74,81,87,87,100,92,89,127,104,127,120,157,154,152,147,189,166,171,176,176,199,221,202,236
0,0,0,0,0,0,0,0,0,0,0,0,0,0,0,0,2,0,0,1,1,2,3,1,2,8,2,7,11,19,27,15,32,42,48,47,72,80,88,88,101,92,91,127,102,126,122,158,154,152,150,190,171,170,178,181,201,222,204,238
0,0,0,0,0,0,0,0,0,0,0,0,0,0,0,0,3,0,0,1,1,2,3,0,2,9,0,8,11,16,26,20,31,42,49,51,75,80,87,87,102,94,89,130,105,126,120,156,153,152,149,189,172,170,180,180,202,222,206,238
0,0,0,0,0,0,0,0,0,0,1,0,0,0,0,0,1,2,0,1,0,3,1,0,0,9,0,10,11,20,26,19,30,42,47,51,75,78,90,87,102,94,92,131,105,124,123,156,152,153,149,191,172,171,181,181,203,224,205,241
0,0,0,0,0,0,0,0,0,0,1,0,0,0,0,0,0,0,0,1,1,2,2,0,0,11,0,10,8,17,24,19,29,40,47,51,76,78,89,84,100,95,91,135,108,125,120,155,151,155,149,192,170,169,184,180,201,222,207,240
0,0,0,1,0,0,0,0,0,0,0,0,0,1,0,0,0,0,0,0,0,3,3,0,0,9,0,8,11,18,27,18,30,41,46,50,77,79,90,86,101,96,91,134,108,127,120,155,151,156,151,196,175,169,185,181,202,224,206,241
0,0,0,0,0,0,0,0,0,0,0,0,0,1,0,0,0,0,0,0,0,2,4,0,0,10,1,9,11,15,28,18,29,43,47,50,81,80,90,89,104,97,89,135,108,127,120,155,150,156,153,194,172,173,184,180,201,223,210,241
0,0,0,0,0,0,0,0,0,0,0,0,1,0,0,0,0,0,0,0,0,1,5,0,0,9,2,8,12,18,29,20,29,44,46,50,80,82,90,93,106,95,89,134,109,126,120,157,152,156,154,194,175,173,184,182,202,226,211,243
0,0,0,0,0,0,0,0,0,0,0,0,0,0,0,0,0,1,0,0,0,1,6,0,0,12,0,9,10,16,29,20,29,43,49,50,80,85,91,93,104,96,90,135,109,125,122,154,153,156,153,193,175,172,185,180,200,223,212,242
0,0,0,0,0,0,0,0,0,0,0,0,0,0,0,0,0,1,0,0,0,1,6,0,1,11,2,9,10,17,30,19,30,46,47,49,79,84,94,93,106,95,90,136,108,126,124,156,152,158,158,193,176,171,185,181,203,225,211,244
0,0,0,0,0,0,0,0,0,0,0,0,0,0,0,0,0,2,0,0,0,0,5,0,1,10,2,9,8,15,29,18,31,45,49,49,82,84,94,93,107,95,89,136,108,127,123,155,150,156,158,192,174,173,185,179,200,223,212,241
0,0,0,0,0,0,0,0,0,0,0,0,0,0,0,0,0,1,0,0,0,0,4,0,0,9,3,10,10,16,32,16,31,45,48,48,84,82,94,93,111,95,91,134,107,128,126,156,153,159,158,194,177,175,186,180,203,225,214,244
0,0,0,0,0,0,0,0,0,0,0,0,0,2,1,0,0,0,0,0,1,0,3,0,0,9,0,11,7,15,31,16,32,44,51,49,84,83,95,91,110,96,90,133,108,130,127,154,153,158,159,191,178,175,188,177,203,224,214,242
0,0,0,0,0,0,0,0,0,0,0,0,1,0,0,0,0,0,0,0,2,0,3,0,0,7,2,11,8,15,33,14,32,47,51,48,86,82,95,95,112,96,91,135,108,131,128,155,154,160,159,194,179,175,187,180,204,228,214,245
0,0,0,0,0,0,0,0,0,0,0,0,3,0,0,0,0,0,0,1,4,0,3,1,0,7,0,12,6,12,33,18,32,45,50,51,86,82,96,93,112,97,94,136,109,132,128,156,152,161,158,195,178,177,187,181,203,225,214,244
0,0,0,0,0,0,0,0,0,0,0,0,2,0,0,0,0,0,0,2,3,1,4,0,0,6,3,13,8,12,33,16,35,46,51,51,85,80,96,93,112,97,95,135,108,130,132,159,154,163,160,196,180,179,188,183,204,228,215,246
0,0,0,0,0,0,0,0,0,0,0,0,1,0,0,0,0,0,0,0,4,0,4,0,0,5,2,12,8,11,35,15,36,45,50,52,86,84,97,90,109,97,94,134,108,131,132,156,154,160,161,196,179,179,189,180,203,226,215,245
0,0,0,0,0,0,0,0,0,0,0,0,1,0,0,0,0,0,0,0,2,0,4,0,0,3,5,11,11,13,36,14,35,45,48,52,85,84,97,94,109,97,94,132,112,131,133,158,157,165,163,197,183,178,189,182,204,226,216,247
0,0,0,0,0,0,0,0,0,0,0,0,0,0,0,0,0,0,0,0,1,0,4,0,0,2,3,10,8,13,34,13,33,43,51,52,86,83,96,92,110,98,94,133,111,132,133,159,156,167,160,196,181,176,188,182,203,226,217,245
0,0,0,0,0,0,0,0,0,0,0,0,0,0,0,0,0,0,0,0,2,2,3,0,0,1,5,9,13,17,34,12,32,43,55,50,86,84,98,93,113,98,93,131,110,130,133,160,156,167,161,197,183,178,190,185,205,227,219,245
0,0,0,0,0,0,0,0,0,0,0,0,0,0,0,0,2,0,0,1,3,1,3,0,0,2,3,11,10,14,32,12,30,41,55,51,85,83,97,93,112,97,94,132,111,132,131,158,156,165,161,196,182,178,193,182,205,226,221,247
0,0,0,0,0,0,0,0,0,0,0,0,0,0,0,0,1,1,0,2,2,0,4,0,2,0,5,12,13,18,32,12,31,43,53,52,85,83,97,93,114,95,96,130,113,132,135,161,155,166,164,201,185,180,196,184,207,229,223,248
0,0,0,0,0,0,0,0,0,0,0,0,0,0,0,0,1,4,0,4,2,0,3,0,1,2,2,13,11,15,32,14,29,43,54,51,84,84,96,90,114,95,95,132,113,132,136,161,161,164,161,199,182,180,194,181,204,229,224,248
0,0,0,0,0,0,0,0,0,0,0,0,0,0,0,0,0,2,1,3,0,0,3,0,0,2,3,12,13,16,32,14,30,43,53,52,85,85,96,94,117,94,95,130,114,130,138,161,162,171,162,200,184,182,194,185,206,232,224,251
0,0,0,0,0,0,1,0,0,0,0,0,0,0,0,0,0,5,1,1,0,0,4,0,1,2,0,15,11,13,31,13,31,41,54,53,86,86,95,94,115,96,96,131,115,129,136,158,163,170,159,198,185,181,193,182,206,231,227,250
0,0,0,0,0,0,0,0,0,0,0,0,0,0,0,0,0,3,0,0,0,0,3,0,1,2,0,18,11,16,32,12,32,41,54,53,84,86,95,94,117,96,96,130,117,128,138,160,165,173,161,200,186,182,193,183,208,233,226,251
0,0,0,0,0,0,0,0,0,0,0,0,0,0,0,1,1,4,0,0,0,0,6,0,4,2,0,17,10,15,32,13,34,41,54,53,86,87,94,91,114,99,94,131,118,131,135,158,163,177,159,199,187,182,191,180,208,233,225,254
0,0,0,0,0,0,0,0,0,0,0,0,1,0,0,0,0,2,0,0,0,0,6,2,5,2,0,18,12,19,34,11,36,42,54,54,86,88,97,93,118,97,95,129,117,130,136,161,163,181,163,201,189,182,191,183,209,237,224,257
0,0,0,0,0,0,0,0,0,0,0,0,0,0,0,0,0,4,0,1,1,0,5,1,5,2,0,17,10,18,36,10,34,41,57,55,87,88,97,91,118,96,96,128,120,130,134,160,164,180,160,200,188,183,192,180,207,235,226,259
0,0,0,0,0,0,0,0,0,0,0,0,0,0,0,1,0,3,0,0,1,0,5,0,4,1,0,16,11,24,39,8,34,42,57,55,88,88,99,91,119,98,96,128,119,130,137,160,167,181,165,201,190,185,196,180,209,237,229,260
0,0,0,0,0,0,0,0,0,0,0,0,0,0,0,0,2,3,1,0,1,2,4,0,4,1,1,16,11,22,40,10,35,40,59,55,90,88,98,92,118,100,95,131,119,131,135,159,167,178,167,199,187,184,197,178,208,237,228,258
0,0,0,0,0,0,0,0,0,0,0,0,0,0,0,0,0,0,0,0,2,2,4,0,4,2,2,17,12,23,40,9,35,39,57,55,89,89,97,92,119,99,95,130,120,130,138,161,169,179,170,201,190,183,200,183,209,237,230,260
0,0,0,0,0,0,0,0,0,0,0,0,0,0,0,0,1,2,0,0,2,1,3,0,2,3,1,17,11,23,39,11,34,38,56,54,89,88,97,94,117,99,101,131,121,131,138,160,171,179,168,200,187,184,199,182,208,236,230,260
0,0,0,0,0,0,0,0,0,0,0,0,0,0,0,0,1,3,0,0,3,0,1,1,1,2,1,16,13,24,38,12,36,39,56,55,89,88,99,95,119,99,101,131,124,129,141,162,172,182,169,203,190,185,199,185,212,238,232,265
0,0,0,0,0,0,0,0,0,0,0,0,0,0,0,0,2,3,0,0,1,0,2,1,1,1,0,15,11,22,37,11,37,41,56,61,89,88,98,97,117,99,102,130,124,130,140,160,171,182,169,200,189,185,197,185,210,238,232,266
0,0,0,0,0,0,0,0,0,0,0,0,0,0,0,0,0,0,0,0,1,0,2,0,2,1,1,14,11,23,36,9,39,41,55,61,89,86,100,97,117,101,101,131,123,131,141,161,172,183,169,204,190,186,198,187,214,240,231,268
0,0,0,0,0,0,0,0,0,0,0,0,0,0,0,0,0,0,0,0,4,1,1,0,1,2,0,13,9,22,35,9,39,41,55,61,91,87,101,95,114,100,101,131,126,130,139,159,171,183,167,204,190,189,199,185,213,239,231,265
0,0,0,0,0,0,0,0,0,0,0,0,0,0,0,0,0,0,0,0,4,1,1,0,2,0,2,12,9,25,35,11,39,42,54,61,90,86,102,96,114,102,102,132,125,133,140,159,170,184,169,207,191,194,199,185,215,239,233,266
0,0,0,0,0,0,0,0,0,0,0,0,0,0,0,1,0,0,0,0,4,0,1,0,4,1,1,12,7,27,33,12,39,44,57,62,89,87,101,97,112,104,102,132,126,133,139,159,170,186,167,205,190,194,201,183,213,238,233,263
0,0,0,0,0,0,0,0,0,0,0,0,0,0,0,3,0,0,0,0,3,0,0,0,4,0,2,10,10,32,33,12,38,44,58,60,88,86,101,100,113,102,103,130,125,132,140,160,171,188,167,205,190,198,201,185,216,239,233,265
0,0,0,0,0,0,0,0,0,0,0,0,0,0,2,3,0,0,0,0,2,0,0,0,5,0,0,9,9,30,35,11,37,44,57,61,90,85,100,97,112,101,103,133,126,133,137,158,171,186,167,205,188,199,200,185,216,236,233,264
0,0,0,0,0,0,0,0,0,0,0,0,0,0,1,1,0,1,0,0,2,0,0,0,4,0,0,8,12,31,37,11,38,45,56,59,89,85,103,100,113,101,104,132,124,134,137,162,172,188,169,206,188,201,201,188,222,238,232,265
0,0,0,0,0,0,0,0,0,0,0,0,0,0,0,0,0,1,0,0,2,0,0,0,3,2,0,7,9,31,36,12,41,44,55,60,90,86,104,100,111,100,105,133,125,135,138,162,171,187,171,205,187,200,202,186,224,237,231,262
0,0,0,0,0,0,0,0,0,0,0,0,0,0,0,0,0,0,0,0,3,0,0,0,5,0,0,6,10,32,38,11,42,44,54,63,92,85,103,102,114,100,106,134,123,136,141,162,173,189,173,207,189,200,202,189,225,238,232,263
0,0,0,0,0,0,0,0,0,0,0,0,0,0,0,0,0,0,0,0,1,0,0,0,4,1,0,5,8,30,37,11,42,45,57,63,92,84,103,101,111,102,104,135,122,137,140,160,171,188,172,205,188,200,204,189,223,240,232,260
0,0,0,0,0,0,0,0,0,0,0,0,0,0,0,0,0,0,0,0,2,0,0,2,3,1,0,4,9,31,36,9,41,44,58,63,91,84,105,101,112,101,103,136,124,136,141,162,173,191,176,206,189,199,204,191,227,241,230,262
0,0,0,0,0,0,0,0,0,0,0,0,0,0,0,0,0,0,0,0,1,1,4,4,3,2,0,5,6,29,36,8,39,44,58,64,91,83,103,98,109,101,101,138,126,137,139,160,171,190,174,204,188,197,204,190,227,243,232,264
0,0,0,0,0,0,0,0,0,0,0,1,0,0,0,0,0,1,0,0,0,2,4,4,4,0,0,6,9,31,38,6,40,44,58,62,91,82,102,103,109,101,101,138,126,135,141,161,171,193,176,204,189,198,204,192,229,243,232,265
0,0,0,0,0,0,0,0,0,0,0,0,0,0,3,0,0,1,0,2,0,2,3,4,4,1,1,9,8,31,37,5,38,44,57,62,90,82,102,101,109,102,100,139,129,135,139,160,171,191,176,201,190,197,203,190,231,242,234,264
0,0,0,0,0,0,0,0,0,0,0,0,0,0,5,0,0,0,0,0,0,1,4,7,5,0,3,8,11,34,37,4,38,46,57,62,90,81,101,102,109,101,99,139,130,133,139,161,173,193,177,203,194,199,207,192,232,244,234,267
0,0,0,0,0,0,0,0,0,0,0,0,0,0,2,0,0,0,0,0,0,0,3,6,5,0,2,7,10,34,36,5,37,45,58,64,91,80,99,100,106,102,98,138,133,134,139,161,173,191,177,202,193,198,208,190,231,243,235,268
0,0,0,0,0,0,0,0,0,0,0,0,0,0,3,0,0,0,0,0,0,1,3,7,6,2,2,5,15,35,36,7,37,48,56,63,92,79,99,101,109,101,99,139,134,135,141,162,173,195,177,203,193,197,207,191,232,247,236,269
0,0,0,0,0,0,0,0,0,0,0,0,0,1,1,0,0,0,0,0,0,0,1,8,4,3,2,6,13,35,37,7,36,46,56,64,91,79,98,100,106,102,101,138,134,136,141,162,174,193,176,200,193,197,206,190,231,247,241,268
0,0,0,0,0,0,0,0,0,0,0,0,0,2,1,0,0,0,0,0,0,0,1,9,5,1,1,4,15,37,38,7,37,47,54,62,90,78,98,100,107,101,102,138,135,136,143,163,174,196,177,200,193,197,206,190,233,251,242,268
0,0,0,0,0,0,0,0,0,0,0,0,0,0,0,0,0,0,0,0,2,0,0,12,4,1,2,8,15,34,39,6,36,45,54,63,90,79,96,101,105,101,101,142,137,136,143,161,175,195,176,197,194,196,206,188,233,251,246,267
0,0,0,0,0,0,0,0,0,0,0,0,0,1,0,0,0,1,0,2,1,0,0,10,5,1,0,9,15,35,39,6,39,46,55,63,89,79,96,101,108,99,103,143,135,135,144,161,175,195,176,198,198,197,207,189,237,251,249,268
0,0,0,0,0,0,0,0,0,0,0,0,0,0,0,0,0,0,0,1,1,0,2,11,5,1,0,8,12,33,39,7,39,47,54,64,89,82,95,99,107,99,101,143,137,136,143,160,173,193,174,196,197,196,206,187,236,249,249,265
0,0,0,0,0,0,0,0,0,0,0,0,0,0,0,0,0,0,0,3,0,0,2,9,5,0,0,12,13,35,39,8,38,47,56,64,89,80,94,101,108,101,101,143,138,137,145,161,173,195,175,198,198,196,206,187,240,252,249,269
0,0,0,0,0,0,0,0,0,0,0,0,0,0,0,0,0,0,0,1,0,0,2,10,5,2,1,13,10,32,37,7,37,47,56,64,89,80,96,100,107,100,102,143,140,137,144,160,172,193,173,200,195,196,206,186,239,252,251,267
0,0,0,0,0,0,0,0,0,0,0,0,0,0,1,0,0,1,0,3,0,0,0,9,5,2,0,13,14,34,37,6,37,47,55,62,87,82,95,100,109,98,105,144,140,137,146,161,175,196,175,202,196,197,208,187,240,255,250,269
0,0,0,0,0,0,0,0,0,0,0,0,0,0,2,0,0,0,0,1,0,0,2,10,4,3,3,13,13,32,36,6,36,47,55,65,87,84,95,98,107,98,104,143,139,137,143,161,176,197,172,200,193,197,209,188,239,255,250,267
0,0,0,0,0,0,0,0,0,0,0,0,0,0,1,0,0,0,0,2,0,0,1,13,6,1,2,13,13,34,37,5,37,47,55,65,86,82,96,99,113,100,104,141,139,135,147,163,180,200,175,201,197,197,214,189,242,259,250,267
0,0,0,0,0,0,0,0,0,0,0,0,0,0,0,0,0,0,0,0,0,0,0,14,4,3,2,16,13,32,35,6,36,46,55,65,86,83,96,97,114,100,103,141,141,136,147,163,181,199,172,201,195,196,215,188,241,257,252,268
0,0,0,0,0,0,0,0,0,0,0,0,0,0,0,0,0,0,0,0,0,1,0,14,6,4,0,14,15,34,36,5,35,49,54,69,84,82,96,97,114,98,106,139,140,135,149,167,181,201,174,203,197,195,215,192,241,259,250,269
0,0,0,0,0,0,0,0,0,0,0,0,0,0,1,0,0,0,0,0,0,1,0,14,6,3,0,15,13,36,35,6,33,49,56,70,84,83,95,94,113,100,104,139,142,136,149,164,179,198,171,203,197,194,215,193,239,258,250,270
0,0,0,0,0,0,0,1,0,0,0,0,0,0,4,0,0,0,1,0,0,0,0,16,5,2,0,15,13,37,34,7,37,49,55,69,83,82,95,95,114,99,104,140,141,135,151,165,180,202,173,204,197,193,216,197,240,263,251,272
0,0,0,0,0,0,0,0,0,0,1,0,0,0,2,0,0,0,1,0,0,0,0,15,5,2,0,15,12,37,33,7,36,50,55,68,82,84,95,92,112,98,104,142,140,134,149,164,179,200,170,204,200,194,216,195,237,262,253,269
0,0,0,0,0,0,0,1,0,0,0,0,0,0,2,0,0,0,1,0,1,0,0,14,5,0,2,13,13,38,33,6,35,51,54,68,83,82,96,94,112,100,105,142,139,133,150,166,179,201,170,209,203,197,216,197,237,263,253,269
0,0,0,0,0,0,0,0,0,1,0,0,0,0,0,1,0,0,0,0,1,1,0,15,6,0,1,13,10,36,32,6,34,50,54,67,83,83,97,92,111,99,106,145,138,134,150,165,177,201,167,208,200,196,219,199,235,261,254,267
0,0,0,0,0,0,0,0,0,0,0,0,0,0,2,1,0,0,1,0,0,0,1,14,5,1,0,12,10,36,32,5,36,49,55,67,82,82,96,95,111,100,107,144,138,134,151,167,178,202,168,211,201,197,221,201,235,262,254,269
0,0,0,0,0,0,0,0,0,0,0,0,0,0,0,2,0,0,1,0,1,0,0,13,5,0,0,11,8,34,34,7,36,49,55,68,83,83,97,96,109,100,106,144,139,134,149,165,176,200,166,210,200,197,219,202,232,263,255,267
0,0,0,0,0,0,0,0,0,0,0,0,0,0,0,0,0,0,0,0,0,0,0,13,7,0,0,10,11,35,33,8,35,49,54,68,83,83,98,97,109,100,111,143,140,135,150,168,176,201,168,214,203,200,220,205,233,263,254,268
0,0,0,0,0,0,0,0,0,0,0,0,0,0,0,1,0,0,0,0,0,0,0,13,8,0,0,9,12,33,33,12,33,47,55,69,83,83,98,95,107,103,111,145,140,136,149,165,175,201,166,214,204,201,221,206,232,261,253,265
0,0,0,0,0,0,0,0,0,0,0,0,0,0,2,1,1,0,0,0,1,0,2,12,8,0,3,7,14,34,33,12,34,49,55,67,82,84,98,96,110,103,112,143,143,135,150,165,176,204,168,216,205,201,223,208,233,263,252,266
0,0,0,0,0,0,0,0,0,0,0,0,0,0,1,3,0,0,0,0,0,1,1,11,6,0,4,10,11,33,36,12,35,51,57,68,81,85,98,95,109,102,112,143,147,135,147,165,175,204,167,217,205,201,225,207,234,262,252,264
0,0,0,0,0,0,0,0,0,0,0,0,0,0,0,1,0,0,0,1,0,1,1,9,9,2,4,12,12,35,37,12,37,51,55,66,81,85,98,97,114,102,114,142,146,136,149,167,176,205,168,219,207,201,229,209,237,267,255,264
0,0,0,0,0,0,0,0,0,0,0,0,0,0,2,0,0,1,0,1,0,1,1,8,9,0,4,12,9,32,37,12,35,50,55,66,82,86,96,94,114,102,115,142,146,139,147,168,176,206,168,218,206,201,229,207,237,264,256,262
0,0,0,0,0,0,0,0,0,0,0,0,0,0,0,0,0,2,0,0,1,0,0,6,11,0,6,11,10,34,39,10,36,51,53,66,85,84,98,94,120,104,116,142,145,139,151,169,178,209,168,218,209,202,232,207,241,267,257,265
0,0,0,0,0,0,0,0,0,0,0,0,0,0,0,0,0,0,0,2,1,0,0,6,11,0,5,11,11,35,41,9,37,52,55,67,85,84,96,94,118,104,116,144,148,139,149,167,176,208,166,219,206,204,231,205,240,266,257,263
0,0,0,0,0,0,0,0,0,0,0,0,0,0,0,0,1,1,1,2,0,0,0,5,12,0,8,10,12,37,41,7,39,52,55,68,84,83,98,95,118,102,116,144,146,138,154,167,176,209,168,219,208,205,230,209,241,267,257,265
0,0,0,0,0,0,0,0,0,0,0,0,1,0,0,0,0,2,2,2,0,0,0,8,11,1,9,10,10,37,39,8,39,51,55,67,85,84,98,92,117,103,114,148,147,139,153,166,178,209,169,217,206,203,229,207,238,264,258,264
0,0,0,0,0,0,0,0,0,0,0,0,1,0,0,0,0,2,0,1,2,0,0,7,11,1,11,9,11,38,38,7,39,52,57,68,84,85,101,95,117,102,113,149,146,138,154,168,177,209,171,217,206,203,231,210,239,264,258,267
0,0,0,0,0,0,0,0,0,0,0,0,1,0,1,0,0,1,4,0,1,0,0,11,11,0,9,12,11,36,36,7,39,53,57,70,85,86,99,94,118,101,113,150,145,140,152,166,176,207,168,216,205,202,231,207,238,265,260,266
0,0,0,0,0,0,0,0,0,0,0,0,1,0,0,0,0,0,2,0,3,2,0,10,11,2,9,10,13,37,37,7,41,53,56,72,84,86,98,94,119,99,116,148,143,140,158,167,176,208,168,218,211,203,232,212,241,267,258,268
0,0,0,0,0,0,0,0,2,0,0,0,1,0,1,0,0,0,2,0,1,0,0,9,10,2,8,11,15,39,36,7,41,53,58,75,85,85,100,92,117,104,115,149,144,144,156,165,176,207,165,216,212,201,235,212,239,269,260,266
0,0,0,0,0,0,0,0,1,0,0,0,3,0,0,0,0,2,0,0,2,0,0,9,10,3,9,10,17,41,35,7,42,53,59,74,85,86,101,95,119,103,116,148,145,143,156,166,176,210,170,218,214,200,234,217,240,270,258,270
0,0,0,0,0,0,0,0,0,0,0,0,1,0,0,0,0,0,0,1,0,0,0,9,8,3,6,12,15,38,34,8,42,53,60,75,85,87,100,94,117,103,119,149,146,146,155,164,175,209,167,215,212,199,234,214,237,268,259,270
0,0,0,0,0,0,0,0,0,0,0,0,0,0,1,0,0,1,0,0,0,0,0,9,7,2,7,10,16,38,35,7,42,53,59,74,83,85,100,96,119,104,119,147,146,147,157,168,175,210,167,217,215,202,236,216,237,269,259,274
0,0,0,0,0,0,0,0,0,0,0,0,0,0,1,0,0,0,0,0,0,0,0,11,7,4,5,9,14,36,34,6,44,53,60,76,84,88,99,94,118,108,119,149,148,147,154,166,173,211,165,218,214,202,236,214,235,269,259,274
0,0,0,0,0,0,0,0,0,0,0,0,0,0,0,0,0,0,0,0,1,0,0,9,6,2,5,9,17,38,33,10,45,54,60,74,84,86,102,96,119,106,121,149,148,146,154,170,172,212,167,219,216,202,235,215,238,271,258,277
0,0,0,0,0,0,0,0,0,0,0,0,0,0,0,0,0,0,0,0,1,0,0,10,4,2,4,8,17,36,35,11,46,52,59,75,84,87,100,94,117,106,120,151,148,145,152,168,173,210,166,217,217,201,235,218,236,269,260,275
0,0,0,0,0,0,0,0,0,1,0,0,0,0,0,0,0,0,0,1,0,1,2,10,3,1,5,9,19,36,37,10,45,53,62,76,83,88,102,95,117,105,120,149,149,145,153,168,174,212,167,217,219,205,235,220,239,269,262,276
0,0,0,0,0,0,0,0,0,0,0,0,1,0,0,0,0,0,0,0,0,1,2,10,4,2,2,9,19,33,35,11,44,53,62,75,83,89,101,95,117,107,120,149,149,149,152,169,173,211,165,215,217,205,233,220,237,268,261,275
0,0,0,0,0,0,0,0,0,0,0,0,0,0,0,0,0,0,0,3,1,1,0,9,5,1,2,8,20,36,34,12,45,55,60,74,82,87,101,97,118,108,123,147,148,147,153,172,174,213,165,215,217,206,232,221,239,269,261,276
0,0,0,0,0,0,0,1,0,0,1,0,0,0,0,0,0,0,0,3,0,0,1,9,4,1,0,9,20,34,33,12,44,54,61,75,82,90,103,95,118,109,123,147,148,149,151,172,172,210,165,217,218,206,232,222,241,269,261,274
0,0,0,0,0,0,0,1,0,0,0,0,0,0,0,0,0,0,0,2,0,0,0,7,5,3,1,7,20,36,34,11,45,56,61,76,82,92,103,98,118,108,124,146,146,148,153,173,172,212,170,220,220,206,233,223,243,271,260,274
0,0,0,0,0,0,0,0,0,0,0,0,0,0,0,0,0,2,0,3,0,0,0,8,4,4,0,7,17,35,34,16,43,56,62,78,83,91,103,96,115,110,125,145,145,150,152,172,172,211,170,221,217,205,233,222,241,272,261,276
0,0,0,0,0,0,0,0,0,0,0,0,0,0,0,0,0,0,0,1,0,2,1,6,4,3,0,5,18,36,35,16,43,55,61,79,81,91,103,98,119,112,124,147,143,150,155,174,174,211,173,223,218,207,233,225,244,272,261,278
0,0,0,0,0,0,0,0,0,0,0,0,0,0,0,0,0,0,0,3,0,2,2,6,3,4,0,4,16,35,35,16,43,54,62,78,81,91,101,99,119,112,123,148,143,152,155,171,172,211,171,222,215,207,233,225,244,271,261,276
0,0,0,0,0,0,0,0,0,0,0,0,0,0,0,0,0,0,0,2,2,1,0,8,3,4,1,3,17,38,38,15,44,54,60,79,81,90,104,101,120,115,122,147,142,153,156,173,172,211,173,222,216,208,237,227,247,272,262,277
0,0,0,0,0,0,0,0,0,0,0,0,0,0,0,0,0,0,0,2,1,2,0,11,1,3,0,2,17,38,38,14,44,52,60,82,81,92,104,100,119,115,121,147,142,155,153,172,172,209,171,221,214,208,237,226,245,270,262,275
0,0,0,0,0,0,0,0,0,0,0,0,0,0,1,0,0,0,1,2,1,0,0,11,2,1,0,1,19,39,38,14,43,53,61,81,79,93,103,102,123,115,121,148,142,153,155,173,171,211,173,222,216,208,238,227,245,273,263,278
0,0,0,0,0,0,0,0,0,0,0,0,0,0,1,0,0,0,0,3,3,0,1,10,1,1,0,0,18,36,38,13,42,52,60,82,78,94,102,101,122,115,126,150,142,155,154,173,172,208,171,222,214,208,236,224,245,272,263,276
0,0,0,0,0,0,0,0,0,0,0,0,0,0,0,0,0,0,0,4,2,0,1,9,1,2,0,0,19,37,38,12,42,53,60,82,78,93,103,101,123,115,126,149,144,157,156,173,174,209,171,222,218,209,235,227,248,273,264,278
0,0,0,0,0,0,0,0,0,0,0,0,0,0,0,0,0,0,0,6,0,0,0,11,0,2,0,0,16,34,36,12,41,53,59,84,79,94,103,99,121,115,124,151,146,157,156,172,176,206,171,220,218,207,234,228,248,271,267,276
0,0,0,0,0,0,0,0,0,0,0,0,2,0,0,0,0,0,0,4,2,0,0,10,1,2,2,0,18,36,38,10,41,52,58,82,79,93,105,100,122,113,127,150,146,156,160,174,175,207,171,222,220,209,236,232,250,272,265,277
0,0,0,0,0,0,0,0,0,0,0,0,2,1,0,0,0,0,0,4,0,0,0,10,1,3,3,1,16,35,36,13,41,51,58,82,78,94,105,97,121,112,126,153,146,156,157,172,174,204,169,220,219,208,235,231,251,270,266,274
0,0,0,0,0,0,0,0,0,0,0,0,0,0,0,0,0,0,0,2,0,0,0,11,1,2,3,1,18,36,38,12,45,52,59,82,77,96,104,98,122,111,127,152,145,156,162,174,174,204,170,222,220,208,235,232,253,271,266,275
0,0,0,0,0,0,0,0,0,0,0,0,1,0,1,0,0,0,0,1,0,0,0,11,2,2,4,4,16,34,37,13,47,51,60,82,77,96,104,97,120,111,126,155,144,155,160,173,173,203,170,221,219,206,236,230,253,271,266,274
0,0,0,0,0,0,0,0,0,0,0,0,0,0,1,0,0,0,0,0,2,0,0,10,2,2,5,4,18,37,37,13,47,51,59,80,76,95,106,97,120,111,129,157,143,156,164,173,173,208,171,221,220,205,236,232,256,275,265,276
0,0,0,0,0,0,0,0,0,0,0,0,0,0,0,0,0,0,0,0,0,0,1,10,2,2,4,6,17,35,36,13,46,49,60,79,76,95,105,95,119,111,131,158,144,155,161,171,172,207,170,220,218,206,234,231,254,273,264,276
0,0,0,0,0,0,0,0,0,0,0,0,0,0,0,0,0,0,0,0,1,0,0,8,3,0,4,6,18,35,38,12,45,52,60,78,74,94,105,95,123,114,131,157,144,155,161,173,175,208,171,221,221,205,235,232,254,276,265,277
0,0,0,0,0,0,0,0,0,0,0,0,0,0,0,0,0,0,0,0,1,0,1,7,2,0,4,7,15,33,37,14,44,50,61,79,77,95,104,93,121,115,129,156,146,154,162,173,174,205,170,220,219,207,234,232,253,273,265,275
0,0,0,0,0,0,0,0,0,0,0,0,0,0,0,0,0,0,2,0,2,0,1,7,0,0,4,7,18,37,36,12,44,49,60,79,76,95,106,93,123,116,130,158,144,152,165,177,175,206,170,221,220,206,234,234,255,273,264,278
0,0,0,0,0,0,0,0,0,0,0,0,0,0,0,0,0,1,0,0,2,0,2,8,0,0,5,8,15,35,37,11,42,52,62,80,77,97,104,92,122,118,128,157,144,153,163,175,176,206,169,219,218,208,233,231,253,273,267,276
0,0,0,0,0,0,0,0,0,0,0,0,0,0,0,0,0,0,0,0,3,0,0,8,0,0,4,8,15,36,37,10,42,53,62,79,77,97,106,94,122,117,128,155,146,151,164,176,178,207,171,219,221,208,232,232,259,276,267,278
0,0,0,0,0,0,0,0,0,0,0,0,1,0,0,0,0,0,0,0,3,1,1,7,0,0,3,8,15,35,37,11,41,53,62,80,78,96,104,91,119,120,127,156,146,150,164,174,178,205,169,218,219,208,232,232,260,275,268,277
0,0,0,0,0,0,0,0,0,0,0,0,0,0,0,0,0,0,0,0,3,0,0,6,0,0,3,9,19,36,38,10,41,55,62,79,79,94,109,93,121,121,127,156,146,148,165,175,178,205,169,219,220,209,234,234,262,279,269,279
0,0,0,0,0,0,0,0,0,0,0,0,0,0,0,0,0,0,0,0,1,0,0,6,2,1,4,9,19,34,36,9,41,54,63,81,83,94,110,92,120,120,128,157,145,149,163,172,180,203,169,217,219,207,232,233,262,279,269,278
0,0,0,0,0,0,0,0,0,0,0,0,0,0,0,0,0,0,0,0,0,0,0,6,3,1,4,9,20,35,36,10,44,54,62,80,84,92,112,93,121,123,130,158,144,149,164,176,180,207,171,219,220,209,233,235,266,283,268,282
0,0,0,0,0,0,0,0,0,0,0,0,0,0,0,0,0,0,0,0,0,1,0,5,2,0,6,9,17,34,36,10,45,52,66,81,84,94,111,92,118,124,130,158,144,148,164,174,178,206,168,217,217,208,235,233,265,282,270,281
0,0,0,0,0,0,0,0,0,0,0,0,0,0,0,0,0,0,0,0,0,1,0,8,3,0,5,8,20,37,36,9,46,56,65,82,83,93,111,95,122,125,130,158,145,149,164,177,181,208,170,219,218,208,235,235,269,287,269,284
0,0,0,0,0,0,0,0,0,1,0,0,0,0,0,0,0,0,3,2,0,0,0,7,2,0,5,8,18,34,36,9,46,58,65,82,85,94,109,93,120,124,129,157,147,151,162,174,179,205,169,217,215,206,234,233,268,285,270,283
0,0,0,0,0,0,0,0,0,1,1,0,0,0,0,0,0,0,3,1,0,4,0,7,1,0,5,6,21,38,36,8,47,59,66,80,83,95,111,94,124,123,133,156,147,153,165,175,183,206,170,218,216,207,233,234,269,288,268,284
0,0,0,0,0,0,0,0,0,1,0,1,0,0,0,0,0,1,0,0,0,3,0,7,1,0,6,6,20,40,38,8,47,60,65,80,83,95,112,93,123,123,133,156,150,154,162,174,183,204,169,217,217,207,233,233,269,286,267,282
0,0,0,0,0,0,0,0,0,0,0,0,0,0,0,0,0,0,1,0,0,4,0,5,2,0,5,5,21,42,38,7,48,61,65,78,82,94,112,94,125,121,136,156,149,154,165,175,184,206,172,219,218,206,233,234,270,287,267,284
0,0,0,0,0,0,0,0,0,0,0,0,0,0,0,0,0,1,0,0,0,1,0,5,1,1,5,5,20,39,36,9,48,60,68,81,85,97,111,95,123,120,136,157,149,157,163,172,183,209,170,217,217,206,232,234,270,285,267,281
0,0,0,0,0,0,0,0,0,0,0,0,0,0,0,1,0,0,2,0,2,1,0,8,1,0,4,4,23,39,37,7,50,61,66,80,86,97,111,97,125,120,136,159,147,155,164,173,183,210,170,217,218,206,232,236,274,285,267,283
0,0,0,0,0,0,0,0,0,0,0,0,0,0,0,0,0,0,0,0,2,0,0,9,0,3,4,3,21,38,36,8,48,61,65,82,88,100,109,97,123,122,136,161,147,155,162,171,182,211,168,214,215,208,232,234,274,283,268,282
0,0,0,0,0,0,0,0,0,0,0,0,0,0,0,0,0,0,1,0,2,0,1,8,2,3,2,5,22,39,35,6,50,64,65,83,88,101,112,97,124,120,137,160,148,156,164,172,183,211,171,218,216,210,233,242,277,283,269,287
0,0,0,0,0,0,0,0,0,0,0,0,0,0,0,0,1,0,0,0,1,0,1,9,0,6,4,7,20,37,34,5,48,63,65,83,91,100,110,95,123,119,135,159,150,156,162,170,184,208,169,216,213,208,232,240,276,283,269,286
0,0,0,0,1,0,0,0,0,0,0,0,0,0,0,0,0,0,0,0,0,0,0,9,0,4,4,7,22,39,34,8,47,65,67,83,93,99,112,98,124,119,137,161,153,155,165,172,185,210,171,217,216,211,233,240,278,283,269,291
0,0,0,0,0,0,0,0,0,0,0,0,0,0,0,0,0,0,0,0,0,0,1,9,0,3,7,6,21,37,34,7,48,63,66,85,94,99,111,97,121,119,136,161,154,154,163,171,184,209,169,214,214,209,231,240,276,283,269,290
0,0,0,0,0,0,0,0,0,0,0,0,0,0,0,0,0,0,0,0,0,0,1,8,0,4,8,4,23,38,34,5,48,65,66,85,93,98,112,100,122,120,137,160,154,155,168,171,185,209,172,214,216,209,230,241,278,286,268,292
0,0,0,0,0,0,0,0,0,0,0,0,1,0,0,0,0,0,0,0,0,0,0,7,2,4,9,7,22,38,33,6,48,65,66,86,94,98,112,98,122,121,135,159,154,156,165,168,184,209,169,213,214,208,229,238,278,285,268,290
0,0,0,0,0,0,0,0,0,0,0,0,0,0,0,0,0,0,0,0,1,0,2,7,0,4,10,5,23,40,33,5,49,66,65,86,93,98,112,101,126,120,135,157,154,155,166,171,184,211,170,213,215,211,228,239,278,290,269,291
0,0,0,0,0,0,0,0,0,0,0,0,0,0,0,0,0,0,0,0,1,0,2,7,2,5,11,5,21,38,35,5,48,67,67,87,95,99,111,100,123,120,135,158,155,156,166,170,183,211,168,211,213,211,228,236,275,288,269,290
0,0,0,0,0,0,0,0,0,0,0,0,0,0,0,0,1,0,0,1,0,0,2,5,2,5,9,4,24,41,34,4,47,69,65,86,93,100,111,100,123,118,135,156,153,155,168,171,184,213,169,212,213,210,227,238,281,291,268,291
0,0,0,0,0,0,0,0,0,0,0,0,0,0,0,0,2,0,0,2,0,0,0,7,5,7,10,5,22,43,32,3,48,68,64,86,95,99,110,100,122,118,134,157,153,155,169,169,182,212,167,210,213,210,226,236,279,291,269,289
0,0,0,0,0,0,0,0,0,0,0,1,0,0,0,0,2,0,0,1,1,0,0,8,6,8,9,3,23,44,32,2,48,67,63,85,94,98,111,100,124,117,135,158,153,154,171,170,181,214,167,212,214,210,229,239,280,291,267,292
0,0,0,0,0,0,0,0,0,0,0,1,0,0,0,0,0,0,0,0,1,0,1,10,7,11,10,6,21,44,31,4,46,65,62,84,94,97,112,98,124,117,134,159,153,156,171,168,182,211,165,215,213,209,229,237,277,288,267,291
0,0,0,0,0,0,0,0,0,0,0,0,0,0,0,0,0,0,0,0,0,0,2,8,4,10,9,5,21,44,35,4,47,64,60,85,93,98,111,98,127,119,134,159,156,155,172,171,182,211,166,219,214,210,235,238,280,289,270,292
0,0,0,0,0,0,0,0,0,0,0,1,0,0,0,0,0,0,0,0,0,0,0,8,5,9,10,7,19,43,33,5,51,62,60,87,92,98,111,98,126,118,133,158,158,156,170,170,180,209,165,218,212,211,233,237,278,287,270,290
0,0,0,0,0,0,0,0,0,0,0,0,0,0,0,0,0,0,0,0,0,2,2,6,3,7,11,8,20,44,34,4,50,62,59,85,91,96,114,100,128,118,135,157,157,155,170,171,180,209,166,219,215,212,233,238,279,291,271,290
0,0,0,0,0,0,0,0,0,0,0,0,0,0,0,0,0,0,0,0,0,2,0,5,6,7,11,9,19,46,34,5,49,64,59,85,94,96,112,98,125,117,133,158,160,155,168,169,178,208,167,220,213,212,231,236,278,290,271,289
0,0,0,0,0,0,0,0,0,0,0,0,0,0,0,0,0,0,0,1,0,1,0,4,6,5,10,11,22,47,35,4,50,65,57,84,92,95,111,98,126,118,132,160,159,153,170,170,177,208,170,223,215,214,231,239,279,293,271,294
0,0,0,0,0,0,0,0,0,0,0,0,0,0,0,0,0,2,0,0,0,2,0,4,10,5,9,13,19,45,36,3,50,65,58,86,92,97,109,96,124,122,131,162,160,152,168,167,177,205,170,221,212,213,230,236,277,291,271,292
0,0,0,0,0,0,0,0,0,0,0,0,0,0,0,0,0,2,0,1,0,0,0,4,7,3,8,13,21,45,38,3,49,66,59,86,90,96,111,98,125,121,132,163,159,151,169,169,178,206,172,224,215,212,229,237,282,292,272,295
0,0,0,0,0,0,0,0,0,0,0,0,0,0,0,0,0,1,0,0,0,1,0,6,11,2,9,13,22,42,36,2,49,66,59,86,92,98,110,98,123,120,133,164,161,153,167,167,180,204,170,222,213,213,228,235,281,291,276,295
0,0,0,0,0,0,0,0,0,0,0,0,0,0,0,1,0,0,0,0,0,1,0,5,9,3,8,11,22,44,36,1,49,65,59,88,92,98,109,100,127,118,132,164,159,153,170,169,181,204,171,223,213,215,227,237,282,292,274,298
0,0,0,0,0,0,0,0,0,0,0,0,0,0,0,0,0,0,0,0,1,4,0,7,11,6,8,10,19,44,36,1,50,63,60,89,94,101,108,102,126,119,130,163,159,156,170,166,179,205,168,226,212,214,225,240,281,292,276,296
0,0,0,0,0,0,0,0,0,0,0,0,0,1,0,0,0,0,0,0,1,3,0,6,8,6,9,10,21,45,38,0,50,63,59,87,95,104,110,103,128,118,130,162,160,155,171,167,180,206,171,226,214,216,225,241,281,295,276,298
0,0,0,0,0,0,0,0,0,0,0,0,0,2,0,0,0,0,0,0,0,3,0,6,10,6,12,11,19,43,37,1,51,62,60,86,96,104,109,105,126,118,131,161,159,157,169,165,179,207,168,227,212,218,225,243,278,292,277,296
0,0,0,0,0,0,0,0,0,0,0,0,0,0,0,0,0,0,0,0,0,4,0,5,9,8,14,10,23,43,36,2,51,63,58,84,98,105,109,105,128,118,131,160,161,157,171,168,180,207,171,228,215,217,224,248,278,292,278,297
0,0,0,0,0,0,0,0,0,0,0,0,0,0,0,1,0,0,0,0,0,6,0,7,10,8,15,10,22,40,36,1,49,64,60,85,99,106,107,104,126,121,129,160,160,158,169,165,185,205,169,225,212,217,226,245,276,291,277,295
0,0,0,0,0,0,0,0,0,0,0,0,0,0,0,1,0,0,0,0,0,6,1,7,8,9,16,9,24,45,36,1,50,64,59,84,100,106,108,104,126,119,128,158,161,156,169,169,186,208,173,226,213,218,227,246,278,293,279,295
0,0,0,0,0,0,0,0,0,0,0,0,0,0,1,2,0,0,0,0,0,7,1,6,10,9,15,9,25,45,34,0,51,62,59,83,101,106,107,103,124,118,132,158,162,157,168,167,186,205,170,224,210,218,229,246,278,292,280,294
0,0,0,0,0,0,0,0,0,0,0,0,0,0,0,0,0,0,0,1,0,7,0,4,10,8,14,8,27,48,34,0,52,64,60,82,100,106,109,105,127,118,131,158,161,157,168,168,188,205,172,227,211,220,231,246,281,293,280,297
0,0,0,0,0,0,0,0,0,0,0,1,0,0,0,0,0,0,1,0,1,7,0,5,13,7,14,10,26,47,34,0,52,66,61,81,101,105,109,103,126,118,130,158,162,160,169,166,189,204,169,225,210,219,232,246,278,292,279,296
0,0,0,0,0,0,0,0,0,0,0,0,0,0,0,0,0,0,1,0,1,7,0,5,13,6,12,8,27,49,35,0,53,67,60,80,101,105,110,106,128,116,131,157,160,158,171,166,190,204,170,228,212,219,231,246,279,294,279,296
0,0,0,0,0,0,0,0,0,0,0,0,1,0,0,0,0,0,1,0,1,9,0,7,14,6,13,8,26,47,35,3,52,65,61,81,102,104,111,105,127,116,129,156,160,157,169,165,189,203,168,226,210,218,230,243,277,292,279,296
0,0,0,0,0,0,0,0,0,0,0,0,0,0,0,0,0,0,1,0,2,9,1,6,12,4,12,7,28,50,34,2,53,65,61,80,100,105,112,105,130,114,130,154,160,160,170,166,192,203,173,227,211,219,232,245,279,293,278,297
0,0,0,0,0,0,0,0,0,0,0,0,1,0,0,0,0,0,0,1,3,11,1,6,14,6,13,6,25,47,32,2,52,64,61,84,101,106,110,104,127,116,130,154,160,161,167,164,192,201,171,226,209,219,231,248,278,292,280,296
0,0,0,0,0,0,0,0,0,0,0,0,0,0,0,0,2,0,0,0,1,10,0,7,12,5,12,5,28,48,33,0,56,64,63,83,101,104,110,106,129,117,130,153,160,160,170,165,192,201,174,226,211,220,230,249,280,294,279,299
0,0,0,0,0,0,0,0,0,0,0,0,0,0,0,0,0,0,2,0,1,10,0,7,13,5,12,6,28,48,32,1,54,63,63,83,100,105,111,104,129,118,129,153,161,161,168,163,192,198,173,224,209,219,230,247,278,291,280,296
0,0,0,0,0,0,0,0,0,0,0,0,0,0,0,0,0,1,2,0,3,8,2,5,12,3,12,7,31,50,33,1,55,63,62,84,100,105,111,104,132,116,128,153,161,162,171,163,193,202,174,226,212,221,230,247,278,296,282,297
0,0,0,0,0,0,0,0,0,0,0,0,0,0,0,0,0,0,1,0,4,8,2,5,13,4,13,7,29,47,32,0,53,64,61,84,101,106,110,101,130,118,126,153,162,162,170,165,191,200,172,227,209,221,231,245,279,294,285,297
0,0,0,0,0,0,0,0,0,0,0,0,0,0,0,2,0,0,1,2,2,6,2,4,13,3,14,6,29,49,32,0,53,64,60,85,100,105,109,102,131,121,126,152,164,163,176,167,190,200,174,229,212,220,231,248,281,294,283,298
0,0,0,0,0,0,0,0,0,0,0,0,0,1,0,1,0,0,1,2,1,6,3,3,14,2,15,7,28,48,31,0,52,63,61,87,100,104,110,102,130,120,125,152,167,164,173,165,189,198,172,228,210,221,234,246,279,292,285,296
0,0,0,0,0,0,0,0,0,0,0,0,0,1,2,4,0,0,0,2,2,6,3,2,11,2,16,5,28,48,31,0,53,63,59,89,99,103,111,104,134,123,129,150,166,164,174,168,189,202,174,230,211,222,234,246,279,294,287,298
0,0,0,0,0,0,0,0,0,0,0,0,0,0,2,3,0,0,0,0,2,6,1,3,12,4,18,7,26,48,30,0,52,64,60,90,100,106,112,102,135,123,127,149,170,165,173,166,187,200,172,230,211,221,233,248,277,293,287,295
0,0,0,0,0,0,0,0,0,0,0,0,0,0,0,3,0,0,0,0,0,4,1,1,13,2,17,5,26,49,30,1,52,65,61,89,99,104,112,104,138,121,129,148,169,164,175,168,186,203,174,232,212,223,234,254,278,296,285,296
0,0,0,0,0,0,0,0,0,0,0,0,0,0,0,1,1,0,0,0,0,4,1,1,16,4,18,7,27,50,31,4,52,66,61,91,99,106,110,101,135,124,127,148,169,165,172,166,185,202,172,229,211,222,232,251,278,295,284,296
0,0,0,0,0,0,0,0,0,0,0,0,0,0,0,0,1,0,0,0,2,2,2,2,13,2,19,6,28,52,31,3,56,66,61,90,99,104,109,102,136,123,127,149,168,164,172,168,184,203,176,229,213,221,235,251,280,296,285,299
0,0,0,0,0,0,0,0,0,0,0,0,0,0,1,0,0,0,0,0,5,2,1,4,14,2,21,6,25,49,29,4,55,67,61,91,98,103,107,101,134,125,126,150,170,165,173,166,183,201,174,226,212,221,234,250,278,293,286,299
0,0,0,0,0,0,0,0,0,0,0,0,0,0,0,0,0,0,0,0,4,2,3,4,12,1,21,5,27,50,29,4,57,66,61,93,98,102,106,102,135,125,128,150,170,163,177,166,183,201,175,227,216,222,235,252,279,294,285,301
0,0,0,0,0,0,0,0,0,0,1,0,0,0,0,0,0,0,0,0,3,1,2,7,14,2,20,6,26,48,29,4,56,66,62,94,100,104,105,102,133,127,127,149,170,163,176,163,182,198,175,224,214,223,233,250,277,291,287,301
0,0,0,0,0,0,1,0,0,0,0,0,0,0,0,0,0,0,0,0,3,1,4,5,12,1,19,6,27,51,29,5,55,65,62,92,100,102,104,104,135,127,128,149,169,163,179,164,181,198,178,225,217,223,233,251,279,291,285,302
0,0,0,0,0,0,1,0,0,0,0,0,0,0,0,0,1,0,0,0,3,2,4,7,14,1,19,6,25,50,29,4,56,65,62,91,100,104,103,104,133,127,128,151,169,165,179,164,181,196,175,225,216,222,232,248,277,290,284,303
0,0,0,0,0,0,0,0,0,0,0,0,0,0,0,0,0,0,0,0,2,3,4,5,12,2,18,4,26,50,31,4,57,65,60,89,100,104,103,106,135,127,129,150,167,164,182,166,182,196,178,227,216,222,231,249,278,293,283,304
0,0,0,0,0,0,0,0,0,0,0,0,0,0,0,0,0,0,0,2,2,3,2,4,13,3,17,4,25,47,29,4,55,63,62,89,101,103,101,104,135,126,129,150,167,164,180,164,185,194,176,224,214,220,230,249,280,293,282,304
0,0,0,0,0,0,0,0,0,0,0,0,0,0,0,0,0,0,0,4,2,2,2,5,11,2,16,3,25,48,30,4,55,63,61,89,99,101,103,105,138,126,131,149,166,164,181,166,184,198,181,227,214,221,230,252,281,294,282,305
0,0,0,0,0,0,0,0,0,0,0,0,0,0,0,0,0,0,0,4,3,3,2,5,11,3,19,4,24,48,28,6,56,62,61,88,101,102,101,104,135,127,132,149,167,165,178,164,184,195,180,227,212,219,230,250,280,292,283,304
0,0,0,0,0,0,0,0,0,0,0,0,0,0,0,0,1,0,0,4,1,2,3,5,10,4,19,4,24,48,28,7,57,63,62,87,102,101,101,105,138,125,133,151,166,166,179,167,183,198,181,229,213,222,231,251,281,293,284,304
0,0,0,0,0,0,0,0,0,0,0,0,0,0,0,0,0,1,1,3,1,1,3,4,10,3,21,4,21,45,28,5,57,63,63,87,101,101,99,103,136,127,133,151,167,166,178,165,182,195,181,226,211,221,232,252,278,292,286,302
0,0,0,0,0,0,0,0,0,0,0,0,0,0,0,1,0,3,4,4,2,0,4,3,9,2,22,2,24,47,28,6,60,62,62,86,103,103,98,105,138,125,134,153,168,167,181,166,181,197,182,228,214,222,231,253,279,293,286,304
0,0,0,0,0,0,0,0,0,0,0,0,0,0,0,0,0,1,3,4,3,0,4,3,14,2,22,3,23,44,28,7,60,62,62,85,103,104,97,103,136,124,134,152,170,167,179,165,181,196,179,226,212,221,231,251,278,291,288,303
0,0,0,0,0,0,0,0,0,0,0,0,0,0,0,0,0,3,5,5,2,0,5,1,15,1,21,3,23,46,28,8,62,65,61,83,101,103,96,103,139,125,135,152,168,166,181,166,181,196,179,226,214,221,235,254,281,293,288,304
0,0,0,0,0,0,0,0,0,0,0,0,0,0,0,0,0,1,4,4,2,0,5,0,17,1,24,2,22,44,27,8,61,63,62,82,101,102,96,100,136,124,136,154,170,170,184,165,180,195,176,224,213,222,234,252,278,291,291,303
0,0,0,0,0,0,0,0,0,0,0,0,0,0,0,0,0,1,4,4,0,0,7,0,15,0,23,1,23,45,26,9,60,63,65,83,100,102,97,102,137,127,136,154,171,170,184,166,180,196,177,225,217,222,238,253,279,292,291,304
0,0,0,0,0,0,0,0,0,0,0,0,0,0,0,0,0,0,5,2,0,0,6,2,17,0,23,1,21,46,24,12,58,63,65,82,100,102,100,99,136,130,135,155,172,169,183,163,178,196,176,224,215,223,238,252,277,289,291,302
0,0,0,0,0,0,0,0,0,0,0,0,0,0,0,0,0,0,6,2,2,1,7,0,15,0,22,0,21,47,27,15,57,65,64,83,99,102,101,99,136,129,134,154,171,171,186,165,178,197,178,225,219,222,240,255,278,289,289,305
0,0,0,0,0,0,0,0,0,0,0,0,0,1,0,0,0,0,4,0,2,0,7,1,17,0,23,0,19,45,26,14,57,66,66,83,99,102,99,97,134,130,133,154,172,172,186,165,176,196,176,223,216,224,238,252,277,289,290,302
0,0,0,0,0,0,0,0,0,0,0,0,0,0,0,0,0,0,7,1,0,0,6,1,15,0,21,0,19,47,28,13,60,68,66,85,97,100,101,100,137,132,132,153,172,170,190,165,177,198,182,223,217,228,238,252,280,291,288,303
0,0,0,0,0,0,0,0,0,0,0,0,0,0,0,0,0,0,7,1,1,1,6,2,16,0,21,0,16,47,28,14,60,67,69,86,98,101,100,98,135,131,133,155,171,169,187,162,176,199,181,224,220,230,238,250,278,288,287,300
0,0,0,0,0,0,0,0,0,0,0,1,0,0,0,0,0,0,9,1,0,1,5,4,14,0,21,0,17,48,30,14,61,67,70,84,98,99,101,99,137,130,135,157,170,168,190,163,178,203,185,225,222,229,239,251,279,291,289,300
0,0,0,0,0,0,0,0,0,0,0,0,0,0,0,0,0,0,7,0,0,2,4,3,14,0,21,0,14,46,28,16,60,66,70,84,98,102,100,97,134,129,135,164,169,168,191,164,177,201,185,223,220,228,239,248,277,291,291,299
0,0,0,0,0,0,0,0,0,0,0,0,0,0,2,0,0,0,11,0,0,1,6,2,11,0,21,0,16,51,30,16,60,67,69,83,98,102,99,98,136,129,135,164,168,166,191,165,179,203,186,225,221,229,241,249,278,292,290,300
0,0,0,0,0,0,0,0,0,0,0,0,0,0,0,0,0,0,8,0,0,1,6,4,12,0,20,0,14,49,31,16,62,68,68,84,97,104,99,95,133,131,134,165,168,166,189,165,180,200,185,222,218,231,240,246,277,293,289,299
0,0,0,0,0,0,0,0,0,0,0,0,0,0,1,0,0,0,8,0,0,0,7,2,10,0,21,0,17,51,30,17,62,69,68,84,98,103,100,97,136,131,134,165,169,164,194,168,180,203,188,225,219,230,241,250,280,294,289,302
0,0,0,0,0,0,0,0,0,0,0,0,0,0,0,0,0,0,8,0,0,0,8,1,12,0,22,0,14,50,30,20,63,68,67,85,98,102,99,95,133,135,134,166,171,164,194,166,182,200,188,225,218,231,240,248,278,295,289,300
0,0,0,0,0,0,0,0,0,0,0,0,0,0,0,0,0,2,8,1,0,3,9,0,11,0,23,1,17,50,32,21,63,68,66,84,96,102,100,98,133,133,135,165,170,164,195,166,181,201,190,229,221,232,242,248,278,296,290,301
0,0,0,0,0,0,0,0,0,0,0,0,0,0,0,0,0,0,7,0,0,3,9,0,11,0,24,0,15,47,30,21,62,69,66,87,96,102,100,96,131,133,134,165,171,164,195,164,181,198,189,229,218,230,241,245,277,294,290,302
0,0,0,0,0,0,0,0,0,0,0,0,0,0,0,0,0,2,7,0,0,1,9,0,8,0,23,0,15,48,31,21,61,69,65,85,96,101,99,96,131,131,135,165,172,164,197,165,181,199,192,230,219,230,242,247,279,296,291,304
0,0,0,0,0,0,0,0,0,0,0,0,0,0,0,0,0,0,4,0,0,1,7,0,10,0,24,0,14,46,30,20,61,68,65,84,99,101,100,94,132,132,136,164,172,163,196,164,181,197,191,229,217,229,242,245,277,294,293,302
0,0,0,0,0,0,0,0,0,0,0,0,0,0,0,0,0,1,6,0,0,0,7,0,9,0,23,2,14,47,30,19,61,69,65,83,99,102,101,94,135,132,135,162,171,161,198,170,180,198,191,232,218,230,242,245,279,296,292,304
0,0,0,0,0,0,0,0,0,0,0,0,0,0,0,0,0,0,3,0,2,1,6,0,11,0,22,1,12,45,30,18,60,69,66,82,99,101,100,93,134,132,133,162,173,161,197,167,181,200,188,231,215,229,242,242,277,294,293,302
0,0,0,0,0,0,0,0,1,0,0,0,0,0,0,0,0,1,3,0,0,0,7,0,12,1,21,3,14,46,31,18,59,69,64,82,98,99,99,94,136,130,135,161,172,164,199,169,182,203,191,233,216,232,244,247,278,295,293,302
0,0,0,0,0,0,0,0,0,0,0,0,1,0,0,0,0,0,0,0,0,0,6,0,12,4,23,2,12,46,30,17,59,73,65,84,99,99,102,93,138,130,135,161,171,165,197,169,180,202,191,232,215,233,242,245,276,294,294,302
0,0,0,0,0,0,0,0,0,0,0,0,0,0,0,0,0,0,1,1,0,0,6,2,11,1,22,2,13,48,29,19,60,75,65,84,100,100,106,96,139,129,134,160,170,164,198,169,179,202,192,233,217,234,243,247,276,295,294,304
0,0,0,0,0,0,0,0,0,0,0,0,0,0,2,0,0,0,1,0,0,0,7,5,12,2,22,0,13,47,29,17,59,76,66,85,100,99,105,94,137,130,133,161,170,163,196,166,178,200,193,231,216,236,241,245,274,293,293,302
0,0,0,0,0,0,0,0,0,0,0,0,0,0,0,0,0,0,1,1,0,0,7,3,10,0,22,1,16,50,28,19,60,76,65,85,99,97,108,96,139,131,134,160,171,162,196,166,180,200,194,233,220,236,241,246,274,296,291,302
0,0,0,0,0,0,0,0,0,0,0,0,0,0,2,0,0,0,0,2,0,0,8,3,11,0,22,2,15,47,27,22,59,76,66,85,98,97,106,94,138,132,133,160,171,162,196,167,179,197,191,231,217,234,240,245,273,293,293,299
0,0,0,0,0,0,0,0,0,0,0,0,0,0,0,0,0,1,0,2,0,0,8,2,12,0,21,4,15,48,27,22,59,79,65,85,97,95,105,95,139,132,133,161,172,161,200,167,178,197,192,233,217,236,240,247,275,297,292,301
0,0,0,0,0,0,0,0,0,0,0,0,0,0,3,0,0,0,0,1,0,0,6,3,12,0,22,3,13,48,25,20,60,79,66,85,100,95,104,93,137,132,132,160,172,163,198,165,176,194,189,232,215,237,239,244,273,294,293,300
0,0,0,0,0,0,0,0,0,0,0,0,0,0,3,0,0,0,0,1,0,0,5,2,10,0,22,4,13,48,26,21,63,80,66,84,99,94,104,94,137,132,133,158,171,164,202,165,175,197,189,235,216,238,242,247,273,296,293,300
0,0,0,0,0,0,0,0,0,0,0,0,0,0,5,0,0,0,0,0,0,0,3,3,10,0,25,3,12,45,24,22,63,78,66,84,101,93,103,92,136,133,132,159,173,165,201,163,175,195,188,234,217,237,240,244,272,293,295,299
0,0,0,0,0,0,0,0,0,0,0,0,0,0,3,0,0,0,0,0,0,2,2,2,10,0,25,3,13,45,23,24,63,77,64,82,100,92,103,94,136,131,133,157,173,166,202,163,174,197,190,234,217,239,242,245,272,295,294,300
0,0,0,0,0,0,0,0,0,0,0,0,0,0,4,0,0,1,0,0,0,0,2,3,11,2,24,1,12,43,21,25,63,76,63,83,100,92,101,92,134,132,131,156,172,165,201,162,173,195,189,235,214,239,241,243,273,293,294,299
0,0,0,0,0,0,0,0,0,0,0,0,0,0,2,1,0,0,0,0,0,0,3,2,8,1,23,0,15,46,21,26,63,75,63,83,98,92,100,94,135,132,132,156,170,163,203,162,175,197,192,236,216,239,241,246,276,296,295,302
0,0,0,0,0,0,0,0,0,0,0,0,0,1,1,0,0,0,0,1,0,0,2,2,10,0,26,0,14,44,21,26,65,74,65,83,98,91,100,93,136,133,131,155,170,164,201,159,176,196,192,235,216,239,240,247,277,294,296,300
0,0,0,0,0,0,0,0,0,0,0,0,0,0,0,0,1,0,0,0,0,0,3,1,7,0,24,0,14,45,23,26,66,76,64,83,96,90,100,95,136,131,132,153,168,163,201,162,178,197,197,236,217,238,243,250,280,295,295,302
0,0,0,0,0,0,0,0,0,0,0,0,0,0,0,0,0,0,1,0,0,0,4,0,8,1,24,0,12,43,22,24,64,76,65,82,95,92,100,93,136,132,131,152,169,163,198,163,180,194,195,237,216,236,243,248,279,295,295,301
0,0,0,0,0,0,0,0,0,0,0,0,0,0,0,0,0,0,2,0,2,0,3,0,6,0,24,0,14,44,22,25,67,75,65,81,95,90,103,93,137,130,131,152,169,163,200,165,182,195,196,239,216,235,244,248,279,297,293,301
0,0,0,0,0,0,0,0,0,0,0,0,0,0,0,0,0,0,1,0,0,0,1,0,6,0,25,0,12,44,21,24,65,77,65,81,94,90,102,90,134,129,133,152,168,165,202,163,181,194,194,237,213,235,243,250,277,296,295,299
0,0,0,0,0,0,0,0,0,0,0,0,0,0,0,0,0,0,1,0,2,0,3,0,4,0,23,0,14,44,21,23,66,79,67,81,93,89,101,92,135,130,134,151,168,167,204,166,182,197,196,237,215,235,247,251,279,299,294,303
0,0,0,0,0,0,0,0,0,0,0,0,0,0,0,0,0,1,1,0,0,0,1,2,5,0,22,0,15,41,22,22,66,77,66,83,92,88,99,90,135,131,133,151,168,168,204,165,181,198,195,237,212,237,246,249,278,298,295,304
0,0,0,0,0,0,0,0,0,0,0,0,0,0,0,0,0,0,0,0,1,0,0,1,3,0,22,0,17,43,23,24,66,78,64,81,92,86,100,92,139,130,134,152,168,166,206,168,181,199,196,238,215,237,248,252,278,301,294,305
0,0,0,0,0,0,0,0,0,0,0,0,0,0,0,0,0,0,0,0,0,0,0,1,6,0,22,0,16,40,22,22,64,77,64,82,91,85,100,91,136,129,135,153,168,167,206,166,180,197,195,238,215,235,250,249,277,299,296,302
0,0,0,0,0,0,0,0,0,0,0,0,0,1,0,0,2,0,0,0,0,0,0,0,4,0,22,0,19,44,24,22,64,76,63,82,90,83,101,94,139,128,135,151,167,166,206,168,181,201,197,240,217,235,250,250,278,300,294,306
0,0,0,0,0,0,0,0,0,0,0,0,0,0,0,0,1,0,0,0,0,0,3,0,6,0,25,2,17,42,25,22,63,78,62,82,91,84,99,92,138,128,134,153,168,166,204,166,180,199,199,238,214,235,250,248,277,302,293,304
0,0,0,0,0,0,0,0,0,0,0,0,0,0,0,0,0,0,0,0,0,0,2,0,3,0,23,1,19,43,26,24,65,77,62,80,90,83,99,95,140,129,134,152,168,166,207,168,179,203,202,238,217,234,251,250,277,303,293,304
0,0,0,0,0,0,0,0,0,0,0,0,0,0,0,0,0,0,0,0,0,0,2,0,7,0,22,3,17,40,27,25,64,77,61,81,92,84,100,94,138,128,132,153,170,166,205,167,179,202,199,236,214,234,250,250,274,302,295,304
0,0,0,0,0,0,0,0,0,0,0,0,0,0,0,0,0,0,0,0,0,0,0,0,6,2,24,1,19,41,27,25,65,76,59,80,91,84,101,98,140,127,132,155,172,166,207,169,179,202,202,238,222,234,250,250,275,303,293,305
0,0,0,0,0,0,0,0,0,0,0,0,0,0,0,0,1,0,0,0,0,0,2,2,8,3,26,1,17,41,26,25,65,75,59,82,90,84,99,97,140,127,133,154,172,166,206,169,180,200,200,236,220,233,249,247,275,300,296,305
0,0,0,0,0,0,0,1,0,0,0,0,0,0,0,0,0,0,0,0,0,1,2,2,6,3,25,0,18,44,28,26,64,76,59,81,89,86,98,97,140,127,133,155,172,167,206,170,180,203,201,237,221,234,249,250,276,304,297,309
0,0,0,0,0,0,0,0,0,0,0,0,0,0,0,0,3,0,0,2,0,2,3,2,7,3,26,1,15,44,27,27,62,79,59,82,88,85,97,96,138,127,132,154,172,166,204,169,178,202,198,234,221,233,248,249,276,303,300,308
0,0,0,0,0,0,0,0,0,0,0,0,0,0,0,1,1,1,0,0,0,1,2,1,8,3,25,0,18,45,27,29,62,79,61,82,88,83,97,98,141,127,131,152,171,164,205,173,177,204,202,236,222,235,251,249,277,306,300,310
0,0,0,0,0,0,0,0,0,0,0,0,0,0,0,1,3,0,1,2,0,0,7,1,8,4,25,0,16,43,25,28,63,78,60,81,88,83,97,97,139,130,130,155,172,163,204,171,176,201,202,236,220,234,251,246,276,306,300,309
0,0,0,0,0,0,0,0,0,0,0,0,0,0,0,1,1,0,0,0,0,0,5,0,6,3,26,0,17,44,25,28,64,79,58,79,86,84,97,98,140,129,131,156,173,162,206,175,177,202,204,237,222,235,255,247,276,309,298,310
0,0,0,0,0,0,0,0,0,0,0,0,0,0,0,1,2,0,0,3,0,0,7,0,8,4,27,5,15,47,23,26,63,78,58,80,87,84,97,99,139,128,131,156,172,166,204,172,175,201,201,237,221,236,256,247,276,306,300,311
0,0,0,0,0,0,0,0,0,0,0,0,0,0,0,0,1,1,0,1,0,0,5,0,8,4,27,5,15,49,23,28,63,83,58,79,86,85,98,101,141,128,131,155,172,165,207,174,174,205,204,239,222,239,259,249,276,306,299,313
0,0,0,0,0,0,0,0,0,0,0,0,0,0,0,0,2,1,0,0,0,0,8,4,11,3,31,4,12,48,22,27,62,83,58,80,85,87,99,99,139,132,130,155,172,166,206,173,175,202,201,239,220,240,257,247,274,306,301,311
0,0,0,0,0,0,0,0,0,0,0,0,0,0,0,0,0,1,0,0,0,0,7,3,11,2,30,4,13,52,21,27,64,82,58,81,83,86,101,101,139,130,130,154,171,167,209,176,177,204,202,240,222,239,257,251,274,307,301,313
0,0,0,0,0,0,0,0,0,0,0,0,0,0,0,0,0,0,0,0,0,0,6,2,14,3,29,4,10,50,19,27,66,83,58,81,84,86,100,103,137,130,129,154,170,167,209,173,179,203,199,237,222,239,257,249,272,305,301,310
0,0,0,0,0,0,0,0,0,0,0,0,0,0,0,0,0,0,0,1,0,0,4,0,13,2,29,7,13,50,20,28,68,85,58,80,84,88,100,104,139,131,132,154,168,167,209,174,179,203,206,238,224,241,257,249,274,306,302,311
0,0,0,0,0,0,0,0,0,0,0,0,0,0,0,1,0,0,0,1,0,0,5,2,14,1,30,7,12,47,21,29,67,84,59,80,87,87,98,102,138,130,133,154,169,167,207,173,180,200,204,235,222,244,258,246,272,306,304,308
0,0,0,0,0,0,0,0,0,0,0,0,0,0,0,0,0,0,0,0,1,0,3,3,11,0,31,7,14,49,22,30,68,85,58,78,86,85,99,103,139,132,133,154,169,166,207,173,183,202,204,237,223,243,257,246,276,307,306,310
0,0,0,0,0,0,0,0,0,0,0,0,0,0,0,0,0,0,0,1,2,0,2,2,13,1,31,8,12,49,22,28,68,83,58,77,85,85,100,101,136,134,132,154,169,166,205,170,183,201,204,235,222,242,257,246,273,306,306,309
0,0,0,0,0,0,0,0,0,0,0,0,0,0,0,0,0,0,0,0,1,0,1,2,11,0,29,7,13,51,23,28,70,83,57,77,84,86,99,103,138,134,135,153,167,165,206,173,184,204,205,235,222,243,258,246,273,309,305,311
0,0,0,0,0,0,0,0,0,0,0,0,0,0,0,0,0,0,0,0,2,0,0,4,11,0,30,6,14,49,22,27,69,83,58,77,83,85,100,101,136,133,137,155,167,164,206,171,185,206,204,232,221,241,257,246,270,306,306,310
0,0,0,0,0,0,0,0,0,0,0,0,0,0,1,0,0,0,0,0,3,0,1,2,8,0,30,4,15,51,22,29,68,82,59,75,81,84,100,105,140,132,136,155,166,162,209,172,185,207,206,234,224,243,257,247,273,306,305,312
0,0,0,0,0,0,0,0,0,0,0,0,0,0,0,1,0,0,0,0,3,0,4,1,8,0,31,6,13,48,20,30,69,82,59,76,82,84,98,102,138,131,135,155,169,161,207,171,185,205,204,234,225,243,257,244,271,304,308,310
0,0,0,0,0,0,0,0,0,0,0,0,0,0,0,0,0,0,0,0,3,0,5,0,6,0,29,5,15,50,22,31,69,83,59,75,81,83,98,102,142,132,135,156,171,159,208,171,185,206,206,234,228,245,258,244,272,304,310,311
0,0,0,0,0,0,0,0,0,0,0,0,0,0,0,0,0,0,0,0,2,0,7,5,7,0,29,4,14,50,20,30,71,82,61,75,80,84,100,101,141,132,135,157,172,161,206,169,184,209,203,234,225,245,257,243,271,302,310,310
0,0,0,0,0,0,1,0,0,0,0,0,0,0,1,0,0,0,0,0,1,0,6,3,5,0,28,2,16,54,24,29,71,82,62,75,80,82,102,103,144,131,134,156,175,162,207,170,185,212,205,234,227,245,259,244,274,305,308,312
0,0,0,0,0,0,0,0,0,0,0,0,0,1,1,0,0,0,0,0,3,0,5,6,6,0,27,4,15,51,23,28,69,81,64,78,80,81,100,102,142,131,132,157,177,163,204,169,183,211,203,232,226,245,257,243,272,305,307,311
0,0,0,0,0,0,0,0,0,0,0,0,0,0,2,0,0,0,0,0,3,1,3,5,7,0,26,3,18,54,24,29,69,82,62,77,81,81,101,102,143,131,133,155,176,162,208,173,185,211,205,234,226,245,256,243,273,306,306,315
0,0,0,0,0,0,0,0,0,0,0,0,0,0,1,0,0,0,0,0,4,2,3,5,8,1,29,5,15,53,23,29,67,80,62,79,83,82,102,100,140,132,134,155,175,165,205,173,186,209,205,232,223,243,255,240,273,304,306,318
0,0,0,0,0,0,0,0,0,0,0,0,0,0,0,0,0,1,0,0,4,3,3,4,5,0,27,7,17,54,23,28,67,81,64,77,84,82,105,101,141,131,133,155,174,163,206,174,188,209,205,234,226,244,254,240,273,306,305,319
0,0,0,0,0,0,0,0,0,0,0,0,0,0,0,0,0,0,0,0,4,5,3,4,6,1,27,8,14,55,25,27,67,82,63,77,84,82,105,100,139,131,131,157,177,164,203,171,186,207,205,234,223,243,254,239,271,303,305,318
0,0,0,0,0,0,0,0,0,0,0,0,0,0,0,0,0,0,0,0,3,4,3,2,5,0,25,7,15,58,24,27,69,82,61,76,84,80,107,103,139,130,132,156,176,165,203,172,187,207,207,234,225,245,253,242,272,306,305,319
0,0,0,0,0,0,0,0,0,0,0,0,0,0,0,0,0,0,0,0,5,5,7,5,7,0,26,9,12,55,22,25,70,82,60,77,88,81,109,100,137,132,131,156,179,165,202,170,186,205,204,232,222,246,252,240,271,304,308,317
0,0,0,0,0,0,0,0,0,0,0,0,0,0,0,0,0,0,0,0,4,5,6,4,6,0,25,8,16,57,24,24,73,82,58,76,86,80,111,100,140,131,133,156,180,163,202,173,186,209,205,234,223,246,252,242,273,304,306,318
0,0,0,0,0,0,0,0,0,0,0,0,0,0,0,1,0,0,0,0,3,7,6,3,9,0,25,8,14,56,22,24,72,81,57,75,86,81,111,98,138,130,131,159,179,166,200,171,187,207,203,232,221,247,250,242,271,301,305,316
0,0,0,0,0,0,0,0,0,0,0,0,0,0,0,2,0,0,0,0,1,5,10,2,10,0,24,6,16,56,25,25,73,80,55,74,84,81,112,98,139,130,130,160,178,164,200,175,188,209,204,234,223,246,251,244,272,302,304,317
0,0,0,0,0,0,0,0,0,0,0,0,0,0,0,0,0,0,0,0,2,4,11,1,11,0,24,6,13,53,25,27,72,81,57,74,83,81,112,96,139,130,132,161,179,166,199,173,188,207,204,233,220,244,249,244,271,299,306,316
0,0,0,0,0,0,0,0,0,0,0,0,0,0,0,0,0,0,0,1,1,4,10,1,8,0,23,5,13,55,29,28,71,83,57,73,82,82,111,97,141,129,133,159,177,165,201,173,188,208,205,235,221,244,250,247,273,300,307,316
0,0,0,0,0,0,0,0,0,1,0,0,0,0,0,0,0,0,0,0,0,4,10,2,11,0,25,6,13,54,27,26,69,81,60,72,83,82,110,97,138,131,131,160,177,166,198,170,188,208,203,232,220,242,250,245,272,298,306,313
0,0,0,0,0,0,0,0,0,0,0,0,0,0,0,0,0,0,0,0,0,3,8,0,8,0,28,5,15,55,28,27,69,82,60,72,81,83,112,97,142,130,133,161,178,166,203,172,188,209,205,233,221,242,251,247,275,302,305,315
0,0,0,0,0,0,0,0,0,1,0,0,0,0,0,0,1,0,0,2,0,5,9,0,9,0,27,6,12,54,27,26,70,82,59,71,81,82,111,96,143,134,131,160,179,166,202,171,188,210,202,232,218,242,252,245,273,303,305,313
0,0,0,0,0,0,0,0,0,1,0,0,0,0,1,0,0,0,0,0,0,6,8,0,8,0,25,4,12,55,28,26,70,82,57,70,79,83,110,98,144,133,131,158,177,166,202,172,187,212,203,235,220,244,252,245,276,304,304,316
0,0,0,0,0,0,0,0,0,0,0,0,0,0,0,0,0,0,0,0,0,7,10,0,10,0,24,4,11,53,28,25,68,80,57,72,79,84,109,99,142,134,129,158,177,168,201,170,186,210,202,233,218,243,254,242,274,302,305,314
0,0,0,0,0,0,0,0,0,0,1,0,0,0,0,0,0,0,0,0,0,6,9,0,7,0,26,4,14,53,28,25,69,81,57,72,78,86,111,100,145,133,130,157,177,168,205,172,185,212,203,236,221,243,253,244,276,303,303,316
0,0,0,0,0,0,0,0,0,0,0,0,0,0,0,0,0,0,0,0,0,7,8,0,8,0,26,4,14,51,29,24,67,81,58,73,77,87,110,99,144,133,130,156,177,168,202,170,187,211,201,234,220,243,254,244,275,302,306,314
0,0,0,0,0,0,0,0,0,0,0,0,0,0,0,1,0,1,0,0,0,6,8,2,7,1,26,4,15,54,31,28,66,82,58,72,78,86,109,100,145,133,131,155,177,168,203,173,187,211,201,234,222,243,257,246,276,305,306,316
0,0,0,0,0,0,0,0,0,0,0,0,0,0,0,0,0,0,0,0,0,7,7,0,9,0,25,6,14,52,29,26,64,82,58,72,79,87,107,97,143,132,131,155,179,168,203,171,187,210,202,231,219,241,255,245,274,303,305,315
0,0,0,0,0,0,0,0,0,0,0,0,0,1,0,0,0,0,0,4,0,7,6,0,8,0,25,5,16,55,29,25,64,83,58,71,78,90,106,98,144,131,132,154,181,170,206,171,188,213,205,232,220,241,254,248,276,304,304,317
0,0,0,0,0,0,0,0,0,0,0,0,0,1,0,2,0,0,0,6,2,9,7,0,9,0,26,5,13,56,28,24,63,83,59,70,78,89,107,96,142,135,130,155,181,170,203,168,191,211,204,231,220,240,254,245,274,302,305,314
0,0,0,0,0,0,0,0,0,0,0,0,0,0,0,4,0,0,0,6,3,7,6,0,7,0,24,7,16,57,29,25,64,82,60,71,77,87,107,96,144,133,131,155,181,173,206,169,191,214,205,231,222,239,254,248,275,304,306,315
0,0,0,0,0,0,0,0,0,0,0,0,0,0,1,4,0,0,0,6,2,7,6,0,8,0,24,10,14,55,28,24,62,80,60,71,77,89,106,94,144,133,129,156,183,175,204,168,191,212,203,228,221,238,254,247,273,302,307,312
0,0,0,0,0,0,0,0,0,0,0,0,0,0,0,3,0,0,0,4,5,8,6,0,6,0,25,9,14,55,29,25,61,82,58,70,80,90,107,95,145,131,128,155,182,173,205,169,190,212,204,229,222,238,253,248,274,303,306,315
0,0,0,0,0,0,0,0,0,0,0,0,0,0,0,2,0,0,0,4,3,8,7,0,8,0,26,8,11,52,30,24,59,80,58,70,80,89,105,93,143,133,128,155,181,173,203,170,191,209,205,228,219,238,255,245,273,301,308,313
0,0,0,0,0,0,0,0,0,0,0,0,0,0,0,2,0,0,0,2,5,7,5,0,7,0,25,6,13,53,29,23,59,81,56,68,79,88,105,93,145,132,130,155,179,172,203,172,192,215,207,233,220,240,254,248,274,303,307,313
0,0,0,0,0,0,0,0,0,0,0,0,0,0,0,3,0,0,1,2,3,6,4,0,10,0,25,6,10,50,30,22,57,79,58,70,82,88,103,91,143,135,129,158,179,171,204,171,192,213,204,233,218,241,254,248,273,302,307,312
0,0,0,0,0,0,0,0,0,0,0,0,0,0,0,2,0,0,0,0,3,6,4,0,7,0,25,6,10,52,32,23,56,79,59,68,81,87,103,92,144,134,129,159,178,170,206,173,193,214,205,233,219,241,255,248,276,302,306,314
0,0,0,0,0,0,0,0,0,0,0,0,0,0,0,1,0,0,0,0,0,7,4,1,7,0,26,6,9,50,33,22,55,78,59,67,81,86,103,90,143,135,127,160,178,171,203,172,192,214,203,233,218,240,256,247,273,302,307,313
0,0,0,0,0,0,0,0,1,0,0,0,0,0,0,0,2,0,0,0,1,6,4,2,4,2,26,5,10,52,32,22,55,78,57,66,80,85,102,92,146,133,126,158,176,172,203,177,193,216,203,234,219,242,257,248,275,302,310,313
0,0,0,0,0,0,0,0,0,0,0,0,0,0,0,0,3,0,2,1,2,5,5,1,4,0,27,4,8,52,32,21,56,77,57,67,81,84,102,92,145,135,125,159,176,171,201,178,195,215,201,232,216,241,256,246,275,301,309,310
0,0,0,0,0,0,0,0,0,0,0,0,0,0,0,0,2,0,0,1,3,4,4,0,3,1,25,3,12,54,32,22,56,77,56,65,80,84,101,95,147,135,129,158,176,170,201,180,196,216,201,232,218,242,255,248,276,302,308,312
0,0,0,0,0,0,0,0,0,0,0,0,0,0,0,0,4,0,0,1,0,4,3,0,4,0,25,3,11,54,30,21,58,75,57,65,81,83,101,94,144,136,128,158,176,169,201,178,196,215,198,230,217,241,255,245,277,299,308,313
0,0,0,0,0,0,0,0,0,0,0,0,0,1,0,0,3,0,0,1,2,2,1,0,1,0,25,2,12,57,31,22,57,75,57,65,81,83,101,94,147,136,129,157,175,167,202,179,196,216,200,230,219,241,256,245,280,301,308,314
0,0,0,0,0,0,0,0,0,0,0,0,0,2,0,0,2,0,0,2,0,4,1,1,1,0,25,1,9,55,30,21,56,76,57,66,82,84,101,91,145,136,131,156,175,166,199,177,197,213,199,232,217,243,254,245,280,300,310,312
0,0,0,0,0,0,0,0,0,0,0,0,0,3,0,1,1,0,1,0,0,4,2,0,0,0,24,0,11,55,31,21,56,75,58,69,82,83,101,94,146,135,133,154,173,165,200,177,196,216,201,232,222,243,255,245,282,303,308,316
0,0,0,0,0,0,0,1,0,0,0,0,0,2,0,2,1,1,0,0,0,3,2,3,3,0,25,0,9,54,30,21,54,74,57,69,83,84,101,92,143,136,133,155,175,167,200,174,195,214,199,231,223,243,256,244,281,300,307,315
0,0,0,0,0,0,0,0,0,0,0,0,0,2,0,0,0,0,0,0,0,1,1,2,2,2,23,0,9,55,31,22,54,75,57,69,81,84,101,93,143,136,132,155,176,167,200,176,195,215,200,231,224,245,255,245,283,301,306,317
0,0,0,0,0,0,0,0,0,0,0,0,0,0,0,0,0,0,0,0,0,4,1,3,2,0,22,0,9,53,29,21,55,75,56,68,81,83,100,93,142,136,130,154,176,169,199,174,194,212,198,229,224,245,254,246,283,301,308,315
0,0,0,0,0,0,0,0,0,0,0,0,0,0,0,0,0,0,0,0,1,5,0,3,2,0,21,1,11,53,30,23,54,75,55,68,80,83,101,95,143,137,129,154,176,169,201,175,193,213,202,234,224,247,253,248,284,301,307,318
0,0,0,0,0,0,0,0,0,0,0,0,0,0,0,0,0,0,0,0,0,5,0,3,2,0,21,0,9,53,30,21,54,78,54,69,79,82,103,92,142,138,131,156,178,172,200,172,191,214,202,233,222,245,252,247,281,299,308,316
0,0,0,0,0,0,0,0,0,0,0,0,3,0,0,0,0,0,0,0,0,3,1,1,2,2,20,3,9,56,29,22,55,79,53,69,78,80,107,95,142,137,132,155,177,171,203,173,192,219,205,235,223,245,252,251,283,300,306,323
0,0,0,0,0,0,0,0,0,0,0,0,2,0,0,1,0,0,0,1,0,3,2,0,3,0,21,3,6,56,27,21,56,80,53,69,80,79,106,92,139,139,131,158,177,171,201,171,191,218,204,236,221,244,251,250,281,298,307,322
0,0,0,0,0,0,0,0,0,0,0,0,2,0,0,1,0,0,0,0,0,1,1,0,4,1,21,3,8,57,27,23,56,79,55,69,79,79,106,93,140,137,134,159,176,172,201,173,190,219,208,238,222,244,251,251,281,300,306,325
0,0,0,0,0,0,0,0,0,0,0,0,0,0,0,0,0,0,0,2,0,0,2,4,4,0,21,1,6,55,25,23,56,78,54,71,79,80,105,90,138,137,133,160,179,172,199,173,190,218,206,236,222,245,252,251,283,300,307,323
0,0,0,0,0,0,0,0,0,0,0,0,0,0,0,0,0,0,0,1,1,0,1,6,5,1,22,3,7,58,25,23,55,77,52,71,80,79,106,94,140,137,134,160,180,171,203,176,190,219,207,237,224,245,251,253,287,300,307,326
0,0,0,0,0,0,0,0,0,0,0,0,0,0,0,0,0,0,2,2,0,0,1,8,6,1,22,1,6,57,26,22,55,76,54,72,80,80,107,92,139,138,137,160,181,170,202,174,190,218,206,236,222,246,249,250,286,299,310,323
0,0,0,0,0,0,0,0,0,0,0,0,0,0,0,0,0,0,1,1,0,0,0,7,7,0,23,1,7,58,27,24,55,77,53,72,80,78,110,93,142,136,138,158,180,168,203,176,190,221,207,238,224,247,253,251,288,300,309,324
0,0,0,0,0,0,0,0,0,0,0,0,0,0,0,0,0,0,2,2,0,2,1,7,7,0,23,1,7,56,25,22,53,77,54,73,82,80,110,92,140,135,139,159,180,169,201,174,190,219,205,236,224,245,253,248,286,299,310,322
0,0,0,0,0,0,0,0,0,0,0,0,0,0,0,0,0,0,1,1,0,0,2,7,8,0,22,2,9,56,25,22,52,80,55,71,84,79,109,94,142,133,141,158,181,168,204,175,191,220,208,238,226,245,254,250,287,301,310,323
0,0,0,0,0,0,0,0,0,0,0,0,0,0,0,0,0,1,0,2,0,0,2,7,8,0,22,0,7,55,28,22,50,79,54,74,84,80,108,91,141,132,140,159,180,170,206,173,190,220,206,236,223,245,254,247,284,301,309,320
0,0,0,0,0,0,0,0,0,0,0,0,0,0,0,0,0,0,0,0,0,0,0,6,7,1,20,2,11,57,30,24,50,78,52,75,83,83,108,92,145,132,140,157,178,170,208,174,190,221,208,236,223,245,254,247,287,301,307,321
0,0,0,0,0,0,0,0,0,0,0,0,0,0,0,0,0,0,0,0,0,0,2,6,6,0,19,3,11,56,29,24,50,76,54,74,83,85,107,90,144,133,138,158,177,173,208,171,191,221,205,234,222,245,252,244,284,299,309,319
0,0,0,0,0,0,0,0,0,0,0,0,0,0,0,0,0,0,0,0,0,0,3,5,7,0,17,3,11,58,32,24,51,76,54,74,84,85,109,94,146,132,137,158,178,174,210,172,190,223,207,234,222,246,251,245,287,300,307,320
0,0,0,0,0,0,0,0,0,0,0,0,0,0,0,0,0,0,0,0,0,0,3,4,7,0,18,4,13,58,33,26,49,75,55,76,86,87,109,92,144,133,136,157,178,174,211,170,189,222,205,232,219,246,249,243,284,301,308,317
0,0,0,0,0,0,0,0,0,0,0,0,0,0,0,0,0,0,0,0,0,0,2,3,5,0,16,6,14,61,34,27,49,76,53,75,85,87,110,94,144,133,136,155,178,175,213,170,191,224,208,232,220,250,253,244,284,302,307,318
0,0,0,0,0,0,0,0,0,0,0,0,0,0,0,0,0,0,0,0,2,0,3,5,7,0,15,5,11,58,33,29,49,76,55,75,86,88,109,96,141,133,135,156,179,176,210,170,189,222,207,231,217,248,254,243,282,301,307,318
0,0,0,0,0,0,0,0,0,0,0,0,0,0,0,0,0,0,0,0,4,0,2,3,5,0,13,4,14,60,32,29,49,76,55,76,84,88,108,96,143,131,136,154,177,175,212,171,191,222,208,234,218,250,254,245,286,302,306,319
0,0,0,0,0,0,0,0,0,0,0,0,0,0,0,1,0,0,0,0,4,0,3,3,5,0,14,4,11,58,32,31,51,76,57,75,83,88,106,94,142,132,135,153,178,175,209,169,190,220,208,232,218,249,253,245,285,300,306,318
0,0,0,0,0,0,0,0,0,0,0,0,0,0,0,2,0,0,0,0,5,0,3,3,6,3,17,7,13,60,34,31,50,76,57,74,84,88,106,96,145,130,135,151,177,176,211,169,191,221,210,239,219,248,252,247,288,302,304,320
0,0,0,0,0,0,0,3,0,0,0,0,0,0,0,1,0,0,3,0,5,0,4,5,5,0,18,6,12,60,33,32,49,76,59,77,84,90,105,96,142,132,133,151,178,178,210,168,194,221,208,238,217,247,251,246,291,300,303,317
0,0,0,0,0,0,0,3,0,0,0,0,0,0,0,1,0,0,2,0,3,0,4,8,7,0,16,5,14,61,33,33,48,77,60,77,84,90,107,98,143,134,133,149,178,176,212,171,194,223,211,239,219,248,252,250,292,300,301,320
0,0,0,0,0,0,0,1,0,0,0,0,0,0,0,0,0,2,0,0,3,0,4,7,6,0,16,3,12,60,33,31,48,77,60,77,85,89,107,97,143,135,133,149,178,176,210,169,194,223,211,238,217,248,252,249,290,304,302,321
0,0,0,0,0,0,0,0,2,0,0,0,0,0,0,0,1,0,1,0,2,0,5,6,6,0,15,2,14,62,35,31,49,77,58,76,85,89,109,99,144,134,133,150,179,174,212,170,194,223,213,239,218,247,256,251,291,306,304,323
0,0,0,0,0,0,0,0,0,0,0,0,0,0,0,0,0,0,1,0,2,0,5,8,5,0,16,2,12,61,36,31,52,80,61,78,88,91,108,97,144,136,131,150,181,173,210,168,192,221,212,240,217,246,255,251,291,306,305,321
0,0,0,0,0,0,0,0,0,0,0,0,0,0,1,0,0,0,1,0,1,0,7,8,8,0,16,3,14,62,37,32,52,79,59,78,87,89,111,99,146,134,134,151,180,172,211,168,191,223,212,242,218,246,256,253,293,307,303,322
0,0,0,0,0,0,0,0,0,0,1,0,0,0,2,0,0,0,2,0,2,0,8,7,8,0,16,4,15,60,39,30,50,78,58,77,86,90,110,97,145,135,132,152,179,174,211,169,190,220,211,240,215,245,255,252,291,306,302,319
0,0,0,0,0,0,0,0,0,0,0,0,0,0,2,1,1,0,2,0,0,0,6,8,8,0,16,6,17,61,38,31,51,81,56,76,86,89,109,101,146,134,132,153,177,173,211,169,191,221,211,241,215,245,254,253,293,307,303,320
0,0,0,0,0,0,0,0,0,0,0,0,0,0,3,0,2,0,1,0,3,0,8,8,9,0,15,5,14,59,37,30,50,80,56,79,86,92,107,101,143,134,132,152,178,174,214,167,191,220,208,238,215,244,253,250,291,305,307,317
0,0,0,0,0,0,0,0,0,0,0,0,0,0,2,0,0,0,0,4,2,0,7,8,8,0,13,7,18,61,36,32,49,82,56,78,85,92,107,103,144,133,132,152,177,174,215,168,190,223,211,239,219,245,253,252,293,309,308,320
0,0,0,0,0,0,0,0,0,0,0,0,0,0,1,0,0,0,0,4,1,0,6,8,9,0,14,7,16,60,35,32,49,80,57,77,86,94,109,100,141,132,133,154,178,174,213,166,189,221,211,236,217,243,251,253,292,309,311,318
0,0,0,0,0,0,0,0,0,0,0,0,0,0,1,0,0,2,0,5,0,2,4,6,7,0,13,10,17,61,37,32,48,80,55,78,86,93,112,102,142,133,132,156,176,173,215,169,188,222,211,239,219,243,251,256,293,310,313,318
0,0,0,0,0,0,0,0,0,0,0,0,0,0,3,0,0,1,0,3,0,3,9,6,7,0,15,8,16,60,36,31,48,78,57,80,86,92,112,100,139,133,131,156,178,173,213,166,187,219,212,237,218,242,249,253,290,308,312,316
0,0,0,0,0,0,0,0,0,0,0,1,0,0,2,0,1,1,0,3,0,1,8,6,6,0,15,8,18,62,36,30,49,80,57,78,85,92,114,102,140,132,132,156,178,172,213,167,188,220,214,237,218,242,252,257,292,309,311,316
0,0,0,0,0,0,0,0,0,0,0,3,0,0,1,0,2,0,0,0,0,1,8,6,7,0,14,10,19,61,35,29,49,79,56,78,84,92,114,99,139,131,132,155,181,171,211,167,188,218,211,237,217,241,253,256,291,306,312,314
0,0,0,0,0,0,0,0,0,0,0,2,0,0,0,0,1,0,0,2,0,0,6,4,5,0,15,11,22,64,34,29,49,79,54,79,84,91,115,100,141,130,135,156,183,170,212,170,189,219,213,237,218,242,254,261,293,307,310,316
0,0,0,0,0,0,0,0,0,0,0,1,0,0,0,1,2,0,0,0,0,0,8,5,5,0,16,11,20,62,32,28,51,80,57,81,87,90,114,98,139,130,136,156,185,172,212,170,188,217,213,235,215,241,253,260,291,305,313,315
0,0,0,0,0,0,0,0,0,0,0,0,0,0,0,0,0,0,0,0,0,0,8,3,5,0,14,13,22,65,32,28,51,79,58,81,89,91,113,99,142,130,136,156,186,172,213,174,187,219,215,239,218,243,252,261,293,305,313,316
0,0,0,0,0,0,0,0,0,0,0,0,0,0,0,0,0,0,0,0,0,0,7,4,6,2,13,11,21,63,32,28,52,79,59,83,91,91,113,97,143,130,137,157,185,172,211,172,188,220,215,236,220,241,253,260,293,304,313,315
0,0,0,0,0,0,0,0,0,0,0,0,0,0,0,0,0,0,2,0,1,0,7,3,6,0,15,12,22,64,33,30,55,79,57,85,91,90,115,98,143,129,138,156,185,171,215,172,188,221,215,236,222,243,254,261,294,304,311,318
0,0,0,0,0,0,0,0,0,0,0,0,0,0,0,0,1,0,0,0,1,0,6,2,6,0,14,10,19,61,31,28,54,79,57,85,91,90,113,97,142,133,138,155,185,171,215,172,189,221,217,237,219,243,253,260,292,303,313,317
